class,filename,height,width,x,y
1,301.jpg,2400.0,1935.0,734.0,945.0
2,301.jpg,2400.0,1935.0,1305.0,913.0
3,301.jpg,2400.0,1935.0,1228.0,1116.0
4,301.jpg,2400.0,1935.0,543.0,1142.0
5,301.jpg,2400.0,1935.0,1346.0,1407.0
6,301.jpg,2400.0,1935.0,1310.0,1803.0
7,301.jpg,2400.0,1935.0,1312.0,1895.0
8,301.jpg,2400.0,1935.0,1262.0,1960.0
9,301.jpg,2400.0,1935.0,1295.0,1937.0
10,301.jpg,2400.0,1935.0,656.0,1692.0
11,301.jpg,2400.0,1935.0,1403.0,1607.0
12,301.jpg,2400.0,1935.0,1417.0,1609.0
13,301.jpg,2400.0,1935.0,1522.0,1486.0
14,301.jpg,2400.0,1935.0,1496.0,1751.0
15,301.jpg,2400.0,1935.0,1468.0,1396.0
16,301.jpg,2400.0,1935.0,1440.0,1863.0
17,301.jpg,2400.0,1935.0,910.0,1346.0
18,301.jpg,2400.0,1935.0,1355.0,1358.0
19,301.jpg,2400.0,1935.0,605.0,1220.0
1,302.jpg,2400.0,1935.0,1060.0,959.0
2,302.jpg,2400.0,1935.0,1584.0,810.0
3,302.jpg,2400.0,1935.0,1533.0,1040.0
4,302.jpg,2400.0,1935.0,928.0,1148.0
5,302.jpg,2400.0,1935.0,1678.0,1329.0
6,302.jpg,2400.0,1935.0,1575.0,1695.0
7,302.jpg,2400.0,1935.0,1589.0,1810.0
8,302.jpg,2400.0,1935.0,1550.0,1876.0
9,302.jpg,2400.0,1935.0,1578.0,1856.0
10,302.jpg,2400.0,1935.0,1056.0,1617.0
11,302.jpg,2400.0,1935.0,1640.0,1488.0
12,302.jpg,2400.0,1935.0,1707.0,1545.0
13,302.jpg,2400.0,1935.0,1819.0,1406.0
14,302.jpg,2400.0,1935.0,1747.0,1667.0
15,302.jpg,2400.0,1935.0,1736.0,1308.0
16,302.jpg,2400.0,1935.0,1698.0,1796.0
17,302.jpg,2400.0,1935.0,1292.0,1306.0
18,302.jpg,2400.0,1935.0,1674.0,1246.0
19,302.jpg,2400.0,1935.0,1000.0,1277.0
1,303.jpg,2400.0,1935.0,891.0,1030.0
2,303.jpg,2400.0,1935.0,1487.0,1003.0
3,303.jpg,2400.0,1935.0,1363.0,1232.0
4,303.jpg,2400.0,1935.0,604.0,1239.0
5,303.jpg,2400.0,1935.0,1477.0,1608.0
6,303.jpg,2400.0,1935.0,1398.0,2086.0
7,303.jpg,2400.0,1935.0,1397.0,2143.0
8,303.jpg,2400.0,1935.0,1329.0,2231.0
9,303.jpg,2400.0,1935.0,1378.0,2196.0
10,303.jpg,2400.0,1935.0,755.0,1878.0
11,303.jpg,2400.0,1935.0,1546.0,1843.0
12,303.jpg,2400.0,1935.0,1565.0,1843.0
13,303.jpg,2400.0,1935.0,1670.0,1722.0
14,303.jpg,2400.0,1935.0,1618.0,1998.0
15,303.jpg,2400.0,1935.0,1630.0,1594.0
16,303.jpg,2400.0,1935.0,1514.0,2108.0
17,303.jpg,2400.0,1935.0,1000.0,1481.0
18,303.jpg,2400.0,1935.0,1507.0,1553.0
19,303.jpg,2400.0,1935.0,660.0,1375.0
1,304.jpg,2400.0,1935.0,806.0,1109.0
2,304.jpg,2400.0,1935.0,1374.0,1029.0
3,304.jpg,2400.0,1935.0,1264.0,1299.0
4,304.jpg,2400.0,1935.0,554.0,1278.0
5,304.jpg,2400.0,1935.0,1366.0,1577.0
6,304.jpg,2400.0,1935.0,1382.0,1973.0
7,304.jpg,2400.0,1935.0,1386.0,2057.0
8,304.jpg,2400.0,1935.0,1336.0,2117.0
9,304.jpg,2400.0,1935.0,1372.0,2093.0
10,304.jpg,2400.0,1935.0,740.0,1753.0
11,304.jpg,2400.0,1935.0,1422.0,1777.0
12,304.jpg,2400.0,1935.0,1406.0,1767.0
13,304.jpg,2400.0,1935.0,1540.0,1659.0
14,304.jpg,2400.0,1935.0,1544.0,1857.0
15,304.jpg,2400.0,1935.0,1480.0,1561.0
16,304.jpg,2400.0,1935.0,1510.0,2017.0
17,304.jpg,2400.0,1935.0,978.0,1477.0
18,304.jpg,2400.0,1935.0,1416.0,1497.0
19,304.jpg,2400.0,1935.0,666.0,1369.0
1,305.jpg,2400.0,1935.0,817.0,1077.0
2,305.jpg,2400.0,1935.0,1424.0,978.0
3,305.jpg,2400.0,1935.0,1333.0,1185.0
4,305.jpg,2400.0,1935.0,639.0,1260.0
5,305.jpg,2400.0,1935.0,1476.0,1524.0
6,305.jpg,2400.0,1935.0,1390.0,1897.0
7,305.jpg,2400.0,1935.0,1402.0,1977.0
8,305.jpg,2400.0,1935.0,1346.0,2047.0
9,305.jpg,2400.0,1935.0,1388.0,2023.0
10,305.jpg,2400.0,1935.0,768.0,1748.0
11,305.jpg,2400.0,1935.0,1511.0,1707.0
12,305.jpg,2400.0,1935.0,1537.0,1731.0
13,305.jpg,2400.0,1935.0,1635.0,1604.0
14,305.jpg,2400.0,1935.0,1588.0,1829.0
15,305.jpg,2400.0,1935.0,1581.0,1498.0
16,305.jpg,2400.0,1935.0,1499.0,1952.0
17,305.jpg,2400.0,1935.0,1029.0,1453.0
18,305.jpg,2400.0,1935.0,1476.0,1464.0
19,305.jpg,2400.0,1935.0,721.0,1378.0
1,306.jpg,2400.0,1935.0,840.0,1085.0
2,306.jpg,2400.0,1935.0,1381.0,1011.0
3,306.jpg,2400.0,1935.0,1319.0,1214.0
4,306.jpg,2400.0,1935.0,596.0,1260.0
5,306.jpg,2400.0,1935.0,1416.0,1550.0
6,306.jpg,2400.0,1935.0,1260.0,1947.0
7,306.jpg,2400.0,1935.0,1248.0,2015.0
8,306.jpg,2400.0,1935.0,1170.0,2072.0
9,306.jpg,2400.0,1935.0,1220.0,2050.0
10,306.jpg,2400.0,1935.0,658.0,1704.0
11,306.jpg,2400.0,1935.0,1362.0,1708.0
12,306.jpg,2400.0,1935.0,1394.0,1746.0
13,306.jpg,2400.0,1935.0,1575.0,1652.0
14,306.jpg,2400.0,1935.0,1473.0,1922.0
15,306.jpg,2400.0,1935.0,1533.0,1546.0
16,306.jpg,2400.0,1935.0,1366.0,2015.0
17,306.jpg,2400.0,1935.0,1001.0,1458.0
18,306.jpg,2400.0,1935.0,1434.0,1496.0
19,306.jpg,2400.0,1935.0,679.0,1354.0
1,307.jpg,2400.0,1935.0,830.0,1096.0
2,307.jpg,2400.0,1935.0,1410.0,972.0
3,307.jpg,2400.0,1935.0,1318.0,1201.0
4,307.jpg,2400.0,1935.0,635.0,1265.0
5,307.jpg,2400.0,1935.0,1453.0,1475.0
6,307.jpg,2400.0,1935.0,1406.0,1769.0
7,307.jpg,2400.0,1935.0,1438.0,1855.0
8,307.jpg,2400.0,1935.0,1383.0,1922.0
9,307.jpg,2400.0,1935.0,1424.0,1899.0
10,307.jpg,2400.0,1935.0,730.0,1781.0
11,307.jpg,2400.0,1935.0,1456.0,1621.0
12,307.jpg,2400.0,1935.0,1477.0,1650.0
13,307.jpg,2400.0,1935.0,1597.0,1561.0
14,307.jpg,2400.0,1935.0,1560.0,1733.0
15,307.jpg,2400.0,1935.0,1570.0,1479.0
16,307.jpg,2400.0,1935.0,1536.0,1885.0
17,307.jpg,2400.0,1935.0,1026.0,1437.0
18,307.jpg,2400.0,1935.0,1493.0,1429.0
19,307.jpg,2400.0,1935.0,704.0,1381.0
1,308.jpg,2400.0,1935.0,779.0,1047.0
2,308.jpg,2400.0,1935.0,1382.0,938.0
3,308.jpg,2400.0,1935.0,1300.0,1175.0
4,308.jpg,2400.0,1935.0,586.0,1242.0
5,308.jpg,2400.0,1935.0,1389.0,1498.0
6,308.jpg,2400.0,1935.0,1296.0,1912.0
7,308.jpg,2400.0,1935.0,1291.0,2011.0
8,308.jpg,2400.0,1935.0,1242.0,2070.0
9,308.jpg,2400.0,1935.0,1275.0,2056.0
10,308.jpg,2400.0,1935.0,696.0,1747.0
11,308.jpg,2400.0,1935.0,1429.0,1707.0
12,308.jpg,2400.0,1935.0,1449.0,1749.0
13,308.jpg,2400.0,1935.0,1576.0,1615.0
14,308.jpg,2400.0,1935.0,1517.0,1836.0
15,308.jpg,2400.0,1935.0,1523.0,1488.0
16,308.jpg,2400.0,1935.0,1430.0,1984.0
17,308.jpg,2400.0,1935.0,975.0,1430.0
18,308.jpg,2400.0,1935.0,1431.0,1433.0
19,308.jpg,2400.0,1935.0,672.0,1357.0
1,309.jpg,2400.0,1935.0,798.0,1090.0
2,309.jpg,2400.0,1935.0,1370.0,1008.0
3,309.jpg,2400.0,1935.0,1252.0,1269.0
4,309.jpg,2400.0,1935.0,587.0,1279.0
5,309.jpg,2400.0,1935.0,1329.0,1572.0
6,309.jpg,2400.0,1935.0,1331.0,1945.0
7,309.jpg,2400.0,1935.0,1371.0,2060.0
8,309.jpg,2400.0,1935.0,1299.0,2135.0
9,309.jpg,2400.0,1935.0,1349.0,2113.0
10,309.jpg,2400.0,1935.0,680.0,1835.0
11,309.jpg,2400.0,1935.0,1342.0,1754.0
12,309.jpg,2400.0,1935.0,1365.0,1768.0
13,309.jpg,2400.0,1935.0,1517.0,1641.0
14,309.jpg,2400.0,1935.0,1481.0,1884.0
15,309.jpg,2400.0,1935.0,1466.0,1562.0
16,309.jpg,2400.0,1935.0,1466.0,2076.0
17,309.jpg,2400.0,1935.0,948.0,1489.0
18,309.jpg,2400.0,1935.0,1356.0,1478.0
19,309.jpg,2400.0,1935.0,644.0,1418.0
1,310.jpg,2400.0,1935.0,777.0,1055.0
2,310.jpg,2400.0,1935.0,1346.0,934.0
3,310.jpg,2400.0,1935.0,1253.0,1165.0
4,310.jpg,2400.0,1935.0,535.0,1149.0
5,310.jpg,2400.0,1935.0,1373.0,1520.0
6,310.jpg,2400.0,1935.0,1293.0,1894.0
7,310.jpg,2400.0,1935.0,1291.0,1972.0
8,310.jpg,2400.0,1935.0,1231.0,2027.0
9,310.jpg,2400.0,1935.0,1271.0,2010.0
10,310.jpg,2400.0,1935.0,706.0,1686.0
11,310.jpg,2400.0,1935.0,1384.0,1657.0
12,310.jpg,2400.0,1935.0,1437.0,1706.0
13,310.jpg,2400.0,1935.0,1545.0,1579.0
14,310.jpg,2400.0,1935.0,1485.0,1851.0
15,310.jpg,2400.0,1935.0,1504.0,1479.0
16,310.jpg,2400.0,1935.0,1402.0,1942.0
17,310.jpg,2400.0,1935.0,962.0,1424.0
18,310.jpg,2400.0,1935.0,1384.0,1448.0
19,310.jpg,2400.0,1935.0,681.0,1323.0
1,311.jpg,2400.0,1935.0,767.0,1078.0
2,311.jpg,2400.0,1935.0,1367.0,1058.0
3,311.jpg,2400.0,1935.0,1277.0,1266.0
4,311.jpg,2400.0,1935.0,560.0,1195.0
5,311.jpg,2400.0,1935.0,1304.0,1574.0
6,311.jpg,2400.0,1935.0,1257.0,1980.0
7,311.jpg,2400.0,1935.0,1252.0,2045.0
8,311.jpg,2400.0,1935.0,1196.0,2113.0
9,311.jpg,2400.0,1935.0,1231.0,2094.0
10,311.jpg,2400.0,1935.0,671.0,1764.0
11,311.jpg,2400.0,1935.0,1366.0,1769.0
12,311.jpg,2400.0,1935.0,1379.0,1772.0
13,311.jpg,2400.0,1935.0,1485.0,1633.0
14,311.jpg,2400.0,1935.0,1444.0,1917.0
15,311.jpg,2400.0,1935.0,1416.0,1554.0
16,311.jpg,2400.0,1935.0,1363.0,2014.0
17,311.jpg,2400.0,1935.0,934.0,1482.0
18,311.jpg,2400.0,1935.0,1378.0,1505.0
19,311.jpg,2400.0,1935.0,621.0,1351.0
1,312.jpg,2400.0,1935.0,827.0,1008.0
2,312.jpg,2400.0,1935.0,1405.0,1079.0
3,312.jpg,2400.0,1935.0,1287.0,1299.0
4,312.jpg,2400.0,1935.0,585.0,1182.0
5,312.jpg,2400.0,1935.0,1282.0,1603.0
6,312.jpg,2400.0,1935.0,1164.0,2028.0
7,312.jpg,2400.0,1935.0,1149.0,2100.0
8,312.jpg,2400.0,1935.0,1066.0,2154.0
9,312.jpg,2400.0,1935.0,1122.0,2142.0
10,312.jpg,2400.0,1935.0,604.0,1727.0
11,312.jpg,2400.0,1935.0,1306.0,1812.0
12,312.jpg,2400.0,1935.0,1327.0,1832.0
13,312.jpg,2400.0,1935.0,1467.0,1744.0
14,312.jpg,2400.0,1935.0,1377.0,2006.0
15,312.jpg,2400.0,1935.0,1397.0,1625.0
16,312.jpg,2400.0,1935.0,1274.0,2080.0
17,312.jpg,2400.0,1935.0,939.0,1456.0
18,312.jpg,2400.0,1935.0,1305.0,1540.0
19,312.jpg,2400.0,1935.0,630.0,1331.0
1,313.jpg,2400.0,1935.0,759.0,1030.0
2,313.jpg,2400.0,1935.0,1360.0,997.0
3,313.jpg,2400.0,1935.0,1253.0,1194.0
4,313.jpg,2400.0,1935.0,553.0,1187.0
5,313.jpg,2400.0,1935.0,1299.0,1537.0
6,313.jpg,2400.0,1935.0,1137.0,1953.0
7,313.jpg,2400.0,1935.0,1139.0,2061.0
8,313.jpg,2400.0,1935.0,1086.0,2115.0
9,313.jpg,2400.0,1935.0,1121.0,2099.0
10,313.jpg,2400.0,1935.0,626.0,1678.0
11,313.jpg,2400.0,1935.0,1269.0,1744.0
12,313.jpg,2400.0,1935.0,1289.0,1781.0
13,313.jpg,2400.0,1935.0,1425.0,1696.0
14,313.jpg,2400.0,1935.0,1354.0,1904.0
15,313.jpg,2400.0,1935.0,1407.0,1546.0
16,313.jpg,2400.0,1935.0,1257.0,2031.0
17,313.jpg,2400.0,1935.0,901.0,1447.0
18,313.jpg,2400.0,1935.0,1316.0,1483.0
19,313.jpg,2400.0,1935.0,639.0,1296.0
1,314.jpg,2400.0,1935.0,795.0,1065.0
2,314.jpg,2400.0,1935.0,1327.0,993.0
3,314.jpg,2400.0,1935.0,1270.0,1215.0
4,314.jpg,2400.0,1935.0,609.0,1251.0
5,314.jpg,2400.0,1935.0,1349.0,1507.0
6,314.jpg,2400.0,1935.0,1289.0,1794.0
7,314.jpg,2400.0,1935.0,1295.0,1876.0
8,314.jpg,2400.0,1935.0,1246.0,1934.0
9,314.jpg,2400.0,1935.0,1278.0,1918.0
10,314.jpg,2400.0,1935.0,721.0,1721.0
11,314.jpg,2400.0,1935.0,1339.0,1617.0
12,314.jpg,2400.0,1935.0,1424.0,1647.0
13,314.jpg,2400.0,1935.0,1516.0,1549.0
14,314.jpg,2400.0,1935.0,1453.0,1754.0
15,314.jpg,2400.0,1935.0,1466.0,1467.0
16,314.jpg,2400.0,1935.0,1402.0,1851.0
17,314.jpg,2400.0,1935.0,986.0,1434.0
18,314.jpg,2400.0,1935.0,1370.0,1442.0
19,314.jpg,2400.0,1935.0,691.0,1332.0
1,315.jpg,2400.0,1935.0,945.0,972.0
2,315.jpg,2400.0,1935.0,1507.0,868.0
3,315.jpg,2400.0,1935.0,1411.0,1130.0
4,315.jpg,2400.0,1935.0,744.0,1179.0
5,315.jpg,2400.0,1935.0,1528.0,1466.0
6,315.jpg,2400.0,1935.0,1464.0,1801.0
7,315.jpg,2400.0,1935.0,1473.0,1962.0
8,315.jpg,2400.0,1935.0,1427.0,2003.0
9,315.jpg,2400.0,1935.0,1455.0,1990.0
10,315.jpg,2400.0,1935.0,823.0,1750.0
11,315.jpg,2400.0,1935.0,1525.0,1641.0
12,315.jpg,2400.0,1935.0,1554.0,1656.0
13,315.jpg,2400.0,1935.0,1677.0,1527.0
14,315.jpg,2400.0,1935.0,1626.0,1768.0
15,315.jpg,2400.0,1935.0,1631.0,1412.0
16,315.jpg,2400.0,1935.0,1587.0,1934.0
17,315.jpg,2400.0,1935.0,1100.0,1366.0
18,315.jpg,2400.0,1935.0,1560.0,1350.0
19,315.jpg,2400.0,1935.0,807.0,1291.0
1,316.jpg,2400.0,1935.0,865.0,1003.0
2,316.jpg,2400.0,1935.0,1479.0,977.0
3,316.jpg,2400.0,1935.0,1366.0,1229.0
4,316.jpg,2400.0,1935.0,564.0,1200.0
5,316.jpg,2400.0,1935.0,1459.0,1555.0
6,316.jpg,2400.0,1935.0,1367.0,1968.0
7,316.jpg,2400.0,1935.0,1358.0,2075.0
8,316.jpg,2400.0,1935.0,1301.0,2151.0
9,316.jpg,2400.0,1935.0,1338.0,2121.0
10,316.jpg,2400.0,1935.0,696.0,1802.0
11,316.jpg,2400.0,1935.0,1486.0,1775.0
12,316.jpg,2400.0,1935.0,1504.0,1782.0
13,316.jpg,2400.0,1935.0,1645.0,1667.0
14,316.jpg,2400.0,1935.0,1584.0,1921.0
15,316.jpg,2400.0,1935.0,1602.0,1559.0
16,316.jpg,2400.0,1935.0,1505.0,2060.0
17,316.jpg,2400.0,1935.0,1030.0,1463.0
18,316.jpg,2400.0,1935.0,1493.0,1500.0
19,316.jpg,2400.0,1935.0,658.0,1339.0
1,317.jpg,2400.0,1935.0,835.0,1072.0
2,317.jpg,2400.0,1935.0,1401.0,952.0
3,317.jpg,2400.0,1935.0,1292.0,1167.0
4,317.jpg,2400.0,1935.0,615.0,1251.0
5,317.jpg,2400.0,1935.0,1403.0,1470.0
6,317.jpg,2400.0,1935.0,1355.0,1811.0
7,317.jpg,2400.0,1935.0,1370.0,1893.0
8,317.jpg,2400.0,1935.0,1322.0,1961.0
9,317.jpg,2400.0,1935.0,1355.0,1935.0
10,317.jpg,2400.0,1935.0,769.0,1704.0
11,317.jpg,2400.0,1935.0,1406.0,1603.0
12,317.jpg,2400.0,1935.0,1475.0,1642.0
13,317.jpg,2400.0,1935.0,1542.0,1504.0
14,317.jpg,2400.0,1935.0,1503.0,1726.0
15,317.jpg,2400.0,1935.0,1492.0,1422.0
16,317.jpg,2400.0,1935.0,1463.0,1880.0
17,317.jpg,2400.0,1935.0,1010.0,1417.0
18,317.jpg,2400.0,1935.0,1450.0,1401.0
19,317.jpg,2400.0,1935.0,698.0,1343.0
1,318.jpg,2400.0,1935.0,787.0,1016.0
2,318.jpg,2400.0,1935.0,1389.0,1062.0
3,318.jpg,2400.0,1935.0,1264.0,1254.0
4,318.jpg,2400.0,1935.0,541.0,1134.0
5,318.jpg,2400.0,1935.0,1324.0,1558.0
6,318.jpg,2400.0,1935.0,1136.0,1893.0
7,318.jpg,2400.0,1935.0,1106.0,1964.0
8,318.jpg,2400.0,1935.0,1044.0,2003.0
9,318.jpg,2400.0,1935.0,1074.0,1990.0
10,318.jpg,2400.0,1935.0,658.0,1586.0
11,318.jpg,2400.0,1935.0,1318.0,1722.0
12,318.jpg,2400.0,1935.0,1401.0,1744.0
13,318.jpg,2400.0,1935.0,1503.0,1604.0
14,318.jpg,2400.0,1935.0,1411.0,1853.0
15,318.jpg,2400.0,1935.0,1431.0,1522.0
16,318.jpg,2400.0,1935.0,1307.0,1923.0
17,318.jpg,2400.0,1935.0,941.0,1396.0
18,318.jpg,2400.0,1935.0,1362.0,1490.0
19,318.jpg,2400.0,1935.0,652.0,1256.0
1,319.jpg,2400.0,1935.0,803.0,1034.0
2,319.jpg,2400.0,1935.0,1380.0,993.0
3,319.jpg,2400.0,1935.0,1263.0,1237.0
4,319.jpg,2400.0,1935.0,602.0,1244.0
5,319.jpg,2400.0,1935.0,1348.0,1528.0
6,319.jpg,2400.0,1935.0,1261.0,1885.0
7,319.jpg,2400.0,1935.0,1246.0,2008.0
8,319.jpg,2400.0,1935.0,1193.0,2056.0
9,319.jpg,2400.0,1935.0,1226.0,2041.0
10,319.jpg,2400.0,1935.0,728.0,1787.0
11,319.jpg,2400.0,1935.0,1351.0,1722.0
12,319.jpg,2400.0,1935.0,1418.0,1704.0
13,319.jpg,2400.0,1935.0,1484.0,1596.0
14,319.jpg,2400.0,1935.0,1417.0,1841.0
15,319.jpg,2400.0,1935.0,1431.0,1489.0
16,319.jpg,2400.0,1935.0,1367.0,1977.0
17,319.jpg,2400.0,1935.0,955.0,1434.0
18,319.jpg,2400.0,1935.0,1349.0,1466.0
19,319.jpg,2400.0,1935.0,664.0,1308.0
1,320.jpg,2400.0,1935.0,786.0,1068.0
2,320.jpg,2400.0,1935.0,1364.0,903.0
3,320.jpg,2400.0,1935.0,1295.0,1110.0
4,320.jpg,2400.0,1935.0,590.0,1261.0
5,320.jpg,2400.0,1935.0,1442.0,1411.0
6,320.jpg,2400.0,1935.0,1379.0,1812.0
7,320.jpg,2400.0,1935.0,1387.0,1884.0
8,320.jpg,2400.0,1935.0,1326.0,1955.0
9,320.jpg,2400.0,1935.0,1366.0,1930.0
10,320.jpg,2400.0,1935.0,764.0,1701.0
11,320.jpg,2400.0,1935.0,1501.0,1608.0
12,320.jpg,2400.0,1935.0,1527.0,1629.0
13,320.jpg,2400.0,1935.0,1639.0,1520.0
14,320.jpg,2400.0,1935.0,1579.0,1768.0
15,320.jpg,2400.0,1935.0,1565.0,1398.0
16,320.jpg,2400.0,1935.0,1490.0,1865.0
17,320.jpg,2400.0,1935.0,1011.0,1384.0
18,320.jpg,2400.0,1935.0,1465.0,1356.0
19,320.jpg,2400.0,1935.0,691.0,1347.0
1,321.jpg,2400.0,1935.0,802.0,1037.0
2,321.jpg,2400.0,1935.0,1433.0,1037.0
3,321.jpg,2400.0,1935.0,1315.0,1234.0
4,321.jpg,2400.0,1935.0,542.0,1207.0
5,321.jpg,2400.0,1935.0,1342.0,1555.0
6,321.jpg,2400.0,1935.0,1296.0,2017.0
7,321.jpg,2400.0,1935.0,1276.0,2131.0
8,321.jpg,2400.0,1935.0,1219.0,2193.0
9,321.jpg,2400.0,1935.0,1254.0,2170.0
10,321.jpg,2400.0,1935.0,695.0,1778.0
11,321.jpg,2400.0,1935.0,1379.0,1798.0
12,321.jpg,2400.0,1935.0,1409.0,1808.0
13,321.jpg,2400.0,1935.0,1519.0,1679.0
14,321.jpg,2400.0,1935.0,1474.0,1933.0
15,321.jpg,2400.0,1935.0,1495.0,1568.0
16,321.jpg,2400.0,1935.0,1395.0,2077.0
17,321.jpg,2400.0,1935.0,928.0,1469.0
18,321.jpg,2400.0,1935.0,1359.0,1519.0
19,321.jpg,2400.0,1935.0,661.0,1340.0
1,322.jpg,2400.0,1935.0,865.0,1082.0
2,322.jpg,2400.0,1935.0,1469.0,993.0
3,322.jpg,2400.0,1935.0,1393.0,1218.0
4,322.jpg,2400.0,1935.0,625.0,1246.0
5,322.jpg,2400.0,1935.0,1452.0,1538.0
6,322.jpg,2400.0,1935.0,1406.0,1925.0
7,322.jpg,2400.0,1935.0,1408.0,1999.0
8,322.jpg,2400.0,1935.0,1335.0,2057.0
9,322.jpg,2400.0,1935.0,1381.0,2039.0
10,322.jpg,2400.0,1935.0,769.0,1769.0
11,322.jpg,2400.0,1935.0,1485.0,1715.0
12,322.jpg,2400.0,1935.0,1546.0,1767.0
13,322.jpg,2400.0,1935.0,1622.0,1633.0
14,322.jpg,2400.0,1935.0,1555.0,1864.0
15,322.jpg,2400.0,1935.0,1573.0,1523.0
16,322.jpg,2400.0,1935.0,1499.0,1966.0
17,322.jpg,2400.0,1935.0,1046.0,1484.0
18,322.jpg,2400.0,1935.0,1476.0,1476.0
19,322.jpg,2400.0,1935.0,710.0,1384.0
1,323.jpg,2400.0,1935.0,808.0,1028.0
2,323.jpg,2400.0,1935.0,1393.0,981.0
3,323.jpg,2400.0,1935.0,1347.0,1202.0
4,323.jpg,2400.0,1935.0,633.0,1205.0
5,323.jpg,2400.0,1935.0,1435.0,1477.0
6,323.jpg,2400.0,1935.0,1453.0,1890.0
7,323.jpg,2400.0,1935.0,1478.0,2025.0
8,323.jpg,2400.0,1935.0,1420.0,2081.0
9,323.jpg,2400.0,1935.0,1461.0,2061.0
10,323.jpg,2400.0,1935.0,750.0,1829.0
11,323.jpg,2400.0,1935.0,1502.0,1706.0
12,323.jpg,2400.0,1935.0,1512.0,1707.0
13,323.jpg,2400.0,1935.0,1633.0,1563.0
14,323.jpg,2400.0,1935.0,1617.0,1810.0
15,323.jpg,2400.0,1935.0,1525.0,1488.0
16,323.jpg,2400.0,1935.0,1566.0,1981.0
17,323.jpg,2400.0,1935.0,994.0,1446.0
18,323.jpg,2400.0,1935.0,1466.0,1418.0
19,323.jpg,2400.0,1935.0,688.0,1330.0
1,324.jpg,2400.0,1935.0,796.0,1058.0
2,324.jpg,2400.0,1935.0,1372.0,862.0
3,324.jpg,2400.0,1935.0,1311.0,1132.0
4,324.jpg,2400.0,1935.0,610.0,1264.0
5,324.jpg,2400.0,1935.0,1442.0,1415.0
6,324.jpg,2400.0,1935.0,1413.0,1749.0
7,324.jpg,2400.0,1935.0,1435.0,1843.0
8,324.jpg,2400.0,1935.0,1371.0,1904.0
9,324.jpg,2400.0,1935.0,1417.0,1879.0
10,324.jpg,2400.0,1935.0,842.0,1730.0
11,324.jpg,2400.0,1935.0,1472.0,1565.0
12,324.jpg,2400.0,1935.0,1522.0,1608.0
13,324.jpg,2400.0,1935.0,1623.0,1461.0
14,324.jpg,2400.0,1935.0,1576.0,1716.0
15,324.jpg,2400.0,1935.0,1519.0,1382.0
16,324.jpg,2400.0,1935.0,1525.0,1859.0
17,324.jpg,2400.0,1935.0,1040.0,1377.0
18,324.jpg,2400.0,1935.0,1463.0,1360.0
19,324.jpg,2400.0,1935.0,717.0,1358.0
1,325.jpg,2400.0,1935.0,765.0,951.0
2,325.jpg,2400.0,1935.0,1340.0,876.0
3,325.jpg,2400.0,1935.0,1261.0,1091.0
4,325.jpg,2400.0,1935.0,553.0,1158.0
5,325.jpg,2400.0,1935.0,1404.0,1426.0
6,325.jpg,2400.0,1935.0,1336.0,1841.0
7,325.jpg,2400.0,1935.0,1326.0,1947.0
8,325.jpg,2400.0,1935.0,1257.0,2002.0
9,325.jpg,2400.0,1935.0,1298.0,1988.0
10,325.jpg,2400.0,1935.0,693.0,1675.0
11,325.jpg,2400.0,1935.0,1438.0,1624.0
12,325.jpg,2400.0,1935.0,1457.0,1638.0
13,325.jpg,2400.0,1935.0,1569.0,1507.0
14,325.jpg,2400.0,1935.0,1530.0,1737.0
15,325.jpg,2400.0,1935.0,1530.0,1364.0
16,325.jpg,2400.0,1935.0,1465.0,1876.0
17,325.jpg,2400.0,1935.0,963.0,1349.0
18,325.jpg,2400.0,1935.0,1439.0,1337.0
19,325.jpg,2400.0,1935.0,649.0,1279.0
1,326.jpg,2400.0,1935.0,834.0,1039.0
2,326.jpg,2400.0,1935.0,1414.0,969.0
3,326.jpg,2400.0,1935.0,1306.0,1231.0
4,326.jpg,2400.0,1935.0,548.0,1215.0
5,326.jpg,2400.0,1935.0,1406.0,1548.0
6,326.jpg,2400.0,1935.0,1439.0,1887.0
7,326.jpg,2400.0,1935.0,1458.0,1984.0
8,326.jpg,2400.0,1935.0,1382.0,2065.0
9,326.jpg,2400.0,1935.0,1426.0,2037.0
10,326.jpg,2400.0,1935.0,801.0,1771.0
11,326.jpg,2400.0,1935.0,1481.0,1704.0
12,326.jpg,2400.0,1935.0,1449.0,1726.0
13,326.jpg,2400.0,1935.0,1569.0,1643.0
14,326.jpg,2400.0,1935.0,1600.0,1792.0
15,326.jpg,2400.0,1935.0,1514.0,1548.0
16,326.jpg,2400.0,1935.0,1550.0,1972.0
17,326.jpg,2400.0,1935.0,978.0,1461.0
18,326.jpg,2400.0,1935.0,1423.0,1489.0
19,326.jpg,2400.0,1935.0,648.0,1340.0
1,327.jpg,2400.0,1935.0,851.0,1105.0
2,327.jpg,2400.0,1935.0,1452.0,1032.0
3,327.jpg,2400.0,1935.0,1323.0,1257.0
4,327.jpg,2400.0,1935.0,615.0,1260.0
5,327.jpg,2400.0,1935.0,1424.0,1543.0
6,327.jpg,2400.0,1935.0,1453.0,1928.0
7,327.jpg,2400.0,1935.0,1462.0,2043.0
8,327.jpg,2400.0,1935.0,1404.0,2111.0
9,327.jpg,2400.0,1935.0,1443.0,2089.0
10,327.jpg,2400.0,1935.0,741.0,1814.0
11,327.jpg,2400.0,1935.0,1488.0,1729.0
12,327.jpg,2400.0,1935.0,1520.0,1730.0
13,327.jpg,2400.0,1935.0,1584.0,1588.0
14,327.jpg,2400.0,1935.0,1608.0,1856.0
15,327.jpg,2400.0,1935.0,1509.0,1502.0
16,327.jpg,2400.0,1935.0,1568.0,2006.0
17,327.jpg,2400.0,1935.0,1002.0,1475.0
18,327.jpg,2400.0,1935.0,1427.0,1454.0
19,327.jpg,2400.0,1935.0,688.0,1358.0
1,328.jpg,2400.0,1935.0,754.0,1038.0
2,328.jpg,2400.0,1935.0,1399.0,943.0
3,328.jpg,2400.0,1935.0,1290.0,1165.0
4,328.jpg,2400.0,1935.0,559.0,1227.0
5,328.jpg,2400.0,1935.0,1372.0,1517.0
6,328.jpg,2400.0,1935.0,1241.0,1917.0
7,328.jpg,2400.0,1935.0,1238.0,2039.0
8,328.jpg,2400.0,1935.0,1181.0,2106.0
9,328.jpg,2400.0,1935.0,1219.0,2077.0
10,328.jpg,2400.0,1935.0,680.0,1708.0
11,328.jpg,2400.0,1935.0,1361.0,1718.0
12,328.jpg,2400.0,1935.0,1379.0,1772.0
13,328.jpg,2400.0,1935.0,1560.0,1647.0
14,328.jpg,2400.0,1935.0,1456.0,1897.0
15,328.jpg,2400.0,1935.0,1500.0,1490.0
16,328.jpg,2400.0,1935.0,1356.0,2035.0
17,328.jpg,2400.0,1935.0,973.0,1450.0
18,328.jpg,2400.0,1935.0,1424.0,1431.0
19,328.jpg,2400.0,1935.0,654.0,1349.0
1,329.jpg,2400.0,1935.0,808.0,1038.0
2,329.jpg,2400.0,1935.0,1440.0,1025.0
3,329.jpg,2400.0,1935.0,1312.0,1234.0
4,329.jpg,2400.0,1935.0,570.0,1231.0
5,329.jpg,2400.0,1935.0,1311.0,1550.0
6,329.jpg,2400.0,1935.0,1240.0,1863.0
7,329.jpg,2400.0,1935.0,1263.0,1978.0
8,329.jpg,2400.0,1935.0,1218.0,2017.0
9,329.jpg,2400.0,1935.0,1244.0,2007.0
10,329.jpg,2400.0,1935.0,680.0,1745.0
11,329.jpg,2400.0,1935.0,1306.0,1687.0
12,329.jpg,2400.0,1935.0,1377.0,1718.0
13,329.jpg,2400.0,1935.0,1507.0,1666.0
14,329.jpg,2400.0,1935.0,1411.0,1835.0
15,329.jpg,2400.0,1935.0,1485.0,1560.0
16,329.jpg,2400.0,1935.0,1359.0,1963.0
17,329.jpg,2400.0,1935.0,920.0,1467.0
18,329.jpg,2400.0,1935.0,1339.0,1486.0
19,329.jpg,2400.0,1935.0,651.0,1331.0
1,330.jpg,2400.0,1935.0,712.0,1067.0
2,330.jpg,2400.0,1935.0,1271.0,980.0
3,330.jpg,2400.0,1935.0,1196.0,1207.0
4,330.jpg,2400.0,1935.0,516.0,1232.0
5,330.jpg,2400.0,1935.0,1310.0,1550.0
6,330.jpg,2400.0,1935.0,1255.0,1948.0
7,330.jpg,2400.0,1935.0,1264.0,2020.0
8,330.jpg,2400.0,1935.0,1213.0,2089.0
9,330.jpg,2400.0,1935.0,1249.0,2063.0
10,330.jpg,2400.0,1935.0,643.0,1775.0
11,330.jpg,2400.0,1935.0,1358.0,1747.0
12,330.jpg,2400.0,1935.0,1378.0,1755.0
13,330.jpg,2400.0,1935.0,1498.0,1602.0
14,330.jpg,2400.0,1935.0,1428.0,1921.0
15,330.jpg,2400.0,1935.0,1439.0,1526.0
16,330.jpg,2400.0,1935.0,1374.0,2047.0
17,330.jpg,2400.0,1935.0,886.0,1460.0
18,330.jpg,2400.0,1935.0,1314.0,1476.0
19,330.jpg,2400.0,1935.0,626.0,1379.0
1,331.jpg,2400.0,1935.0,811.0,1149.0
2,331.jpg,2400.0,1935.0,1397.0,1074.0
3,331.jpg,2400.0,1935.0,1299.0,1261.0
4,331.jpg,2400.0,1935.0,587.0,1263.0
5,331.jpg,2400.0,1935.0,1431.0,1608.0
6,331.jpg,2400.0,1935.0,1242.0,1945.0
7,331.jpg,2400.0,1935.0,1225.0,2006.0
8,331.jpg,2400.0,1935.0,1165.0,2059.0
9,331.jpg,2400.0,1935.0,1207.0,2041.0
10,331.jpg,2400.0,1935.0,700.0,1734.0
11,331.jpg,2400.0,1935.0,1416.0,1777.0
12,331.jpg,2400.0,1935.0,1505.0,1830.0
13,331.jpg,2400.0,1935.0,1560.0,1639.0
14,331.jpg,2400.0,1935.0,1464.0,1935.0
15,331.jpg,2400.0,1935.0,1518.0,1566.0
16,331.jpg,2400.0,1935.0,1352.0,2005.0
17,331.jpg,2400.0,1935.0,982.0,1521.0
18,331.jpg,2400.0,1935.0,1436.0,1540.0
19,331.jpg,2400.0,1935.0,690.0,1426.0
1,332.jpg,2400.0,1935.0,857.0,989.0
2,332.jpg,2400.0,1935.0,1510.0,960.0
3,332.jpg,2400.0,1935.0,1399.0,1145.0
4,332.jpg,2400.0,1935.0,597.0,1213.0
5,332.jpg,2400.0,1935.0,1527.0,1496.0
6,332.jpg,2400.0,1935.0,1492.0,1902.0
7,332.jpg,2400.0,1935.0,1486.0,1985.0
8,332.jpg,2400.0,1935.0,1430.0,2057.0
9,332.jpg,2400.0,1935.0,1471.0,2034.0
10,332.jpg,2400.0,1935.0,816.0,1769.0
11,332.jpg,2400.0,1935.0,1576.0,1690.0
12,332.jpg,2400.0,1935.0,1598.0,1708.0
13,332.jpg,2400.0,1935.0,1716.0,1585.0
14,332.jpg,2400.0,1935.0,1678.0,1853.0
15,332.jpg,2400.0,1935.0,1633.0,1475.0
16,332.jpg,2400.0,1935.0,1616.0,2030.0
17,332.jpg,2400.0,1935.0,1067.0,1414.0
18,332.jpg,2400.0,1935.0,1538.0,1428.0
19,332.jpg,2400.0,1935.0,684.0,1355.0
1,333.jpg,2400.0,1935.0,756.0,1003.0
2,333.jpg,2400.0,1935.0,1310.0,916.0
3,333.jpg,2400.0,1935.0,1241.0,1114.0
4,333.jpg,2400.0,1935.0,580.0,1230.0
5,333.jpg,2400.0,1935.0,1382.0,1468.0
6,333.jpg,2400.0,1935.0,1315.0,1879.0
7,333.jpg,2400.0,1935.0,1320.0,1976.0
8,333.jpg,2400.0,1935.0,1264.0,2039.0
9,333.jpg,2400.0,1935.0,1302.0,2016.0
10,333.jpg,2400.0,1935.0,701.0,1712.0
11,333.jpg,2400.0,1935.0,1427.0,1656.0
12,333.jpg,2400.0,1935.0,1462.0,1685.0
13,333.jpg,2400.0,1935.0,1570.0,1537.0
14,333.jpg,2400.0,1935.0,1527.0,1799.0
15,333.jpg,2400.0,1935.0,1494.0,1425.0
16,333.jpg,2400.0,1935.0,1448.0,1957.0
17,333.jpg,2400.0,1935.0,967.0,1387.0
18,333.jpg,2400.0,1935.0,1390.0,1395.0
19,333.jpg,2400.0,1935.0,652.0,1347.0
1,334.jpg,2400.0,1935.0,847.0,1063.0
2,334.jpg,2400.0,1935.0,1422.0,962.0
3,334.jpg,2400.0,1935.0,1342.0,1187.0
4,334.jpg,2400.0,1935.0,653.0,1282.0
5,334.jpg,2400.0,1935.0,1490.0,1558.0
6,334.jpg,2400.0,1935.0,1414.0,1949.0
7,334.jpg,2400.0,1935.0,1421.0,2060.0
8,334.jpg,2400.0,1935.0,1371.0,2142.0
9,334.jpg,2400.0,1935.0,1406.0,2115.0
10,334.jpg,2400.0,1935.0,777.0,1858.0
11,334.jpg,2400.0,1935.0,1505.0,1734.0
12,334.jpg,2400.0,1935.0,1543.0,1779.0
13,334.jpg,2400.0,1935.0,1648.0,1687.0
14,334.jpg,2400.0,1935.0,1598.0,1903.0
15,334.jpg,2400.0,1935.0,1588.0,1517.0
16,334.jpg,2400.0,1935.0,1531.0,2034.0
17,334.jpg,2400.0,1935.0,1058.0,1482.0
18,334.jpg,2400.0,1935.0,1489.0,1467.0
19,334.jpg,2400.0,1935.0,713.0,1419.0
1,335.jpg,2400.0,1935.0,712.0,978.0
2,335.jpg,2400.0,1935.0,1262.0,914.0
3,335.jpg,2400.0,1935.0,1181.0,1099.0
4,335.jpg,2400.0,1935.0,536.0,1187.0
5,335.jpg,2400.0,1935.0,1312.0,1405.0
6,335.jpg,2400.0,1935.0,1266.0,1759.0
7,335.jpg,2400.0,1935.0,1278.0,1890.0
8,335.jpg,2400.0,1935.0,1241.0,1943.0
9,335.jpg,2400.0,1935.0,1265.0,1922.0
10,335.jpg,2400.0,1935.0,699.0,1700.0
11,335.jpg,2400.0,1935.0,1356.0,1577.0
12,335.jpg,2400.0,1935.0,1396.0,1588.0
13,335.jpg,2400.0,1935.0,1470.0,1460.0
14,335.jpg,2400.0,1935.0,1450.0,1715.0
15,335.jpg,2400.0,1935.0,1386.0,1391.0
16,335.jpg,2400.0,1935.0,1389.0,1842.0
17,335.jpg,2400.0,1935.0,918.0,1350.0
18,335.jpg,2400.0,1935.0,1321.0,1341.0
19,335.jpg,2400.0,1935.0,602.0,1257.0
1,336.jpg,2400.0,1935.0,829.0,1038.0
2,336.jpg,2400.0,1935.0,1404.0,1005.0
3,336.jpg,2400.0,1935.0,1300.0,1249.0
4,336.jpg,2400.0,1935.0,625.0,1220.0
5,336.jpg,2400.0,1935.0,1357.0,1549.0
6,336.jpg,2400.0,1935.0,1375.0,1920.0
7,336.jpg,2400.0,1935.0,1391.0,1990.0
8,336.jpg,2400.0,1935.0,1345.0,2048.0
9,336.jpg,2400.0,1935.0,1380.0,2025.0
10,336.jpg,2400.0,1935.0,799.0,1747.0
11,336.jpg,2400.0,1935.0,1390.0,1736.0
12,336.jpg,2400.0,1935.0,1401.0,1726.0
13,336.jpg,2400.0,1935.0,1526.0,1628.0
14,336.jpg,2400.0,1935.0,1535.0,1823.0
15,336.jpg,2400.0,1935.0,1481.0,1532.0
16,336.jpg,2400.0,1935.0,1479.0,1979.0
17,336.jpg,2400.0,1935.0,1017.0,1451.0
18,336.jpg,2400.0,1935.0,1394.0,1483.0
19,336.jpg,2400.0,1935.0,723.0,1301.0
1,337.jpg,2400.0,1935.0,781.0,988.0
2,337.jpg,2400.0,1935.0,1360.0,960.0
3,337.jpg,2400.0,1935.0,1253.0,1178.0
4,337.jpg,2400.0,1935.0,551.0,1172.0
5,337.jpg,2400.0,1935.0,1289.0,1480.0
6,337.jpg,2400.0,1935.0,1273.0,1875.0
7,337.jpg,2400.0,1935.0,1267.0,1918.0
8,337.jpg,2400.0,1935.0,1188.0,1982.0
9,337.jpg,2400.0,1935.0,1238.0,1966.0
10,337.jpg,2400.0,1935.0,694.0,1647.0
11,337.jpg,2400.0,1935.0,1369.0,1661.0
12,337.jpg,2400.0,1935.0,1347.0,1673.0
13,337.jpg,2400.0,1935.0,1467.0,1556.0
14,337.jpg,2400.0,1935.0,1462.0,1790.0
15,337.jpg,2400.0,1935.0,1387.0,1472.0
16,337.jpg,2400.0,1935.0,1394.0,1885.0
17,337.jpg,2400.0,1935.0,924.0,1367.0
18,337.jpg,2400.0,1935.0,1312.0,1434.0
19,337.jpg,2400.0,1935.0,648.0,1253.0
1,338.jpg,2400.0,1935.0,899.0,990.0
2,338.jpg,2400.0,1935.0,1534.0,940.0
3,338.jpg,2400.0,1935.0,1413.0,1179.0
4,338.jpg,2400.0,1935.0,691.0,1176.0
5,338.jpg,2400.0,1935.0,1473.0,1532.0
6,338.jpg,2400.0,1935.0,1268.0,1933.0
7,338.jpg,2400.0,1935.0,1258.0,2022.0
8,338.jpg,2400.0,1935.0,1204.0,2076.0
9,338.jpg,2400.0,1935.0,1239.0,2060.0
10,338.jpg,2400.0,1935.0,771.0,1669.0
11,338.jpg,2400.0,1935.0,1413.0,1743.0
12,338.jpg,2400.0,1935.0,1495.0,1721.0
13,338.jpg,2400.0,1935.0,1633.0,1645.0
14,338.jpg,2400.0,1935.0,1526.0,1897.0
15,338.jpg,2400.0,1935.0,1605.0,1525.0
16,338.jpg,2400.0,1935.0,1393.0,1986.0
17,338.jpg,2400.0,1935.0,1107.0,1407.0
18,338.jpg,2400.0,1935.0,1517.0,1447.0
19,338.jpg,2400.0,1935.0,797.0,1260.0
1,339.jpg,2400.0,1935.0,883.0,1058.0
2,339.jpg,2400.0,1935.0,1551.0,986.0
3,339.jpg,2400.0,1935.0,1429.0,1181.0
4,339.jpg,2400.0,1935.0,625.0,1248.0
5,339.jpg,2400.0,1935.0,1582.0,1527.0
6,339.jpg,2400.0,1935.0,1549.0,1922.0
7,339.jpg,2400.0,1935.0,1588.0,2048.0
8,339.jpg,2400.0,1935.0,1537.0,2113.0
9,339.jpg,2400.0,1935.0,1571.0,2081.0
10,339.jpg,2400.0,1935.0,839.0,1916.0
11,339.jpg,2400.0,1935.0,1609.0,1696.0
12,339.jpg,2400.0,1935.0,1651.0,1731.0
13,339.jpg,2400.0,1935.0,1763.0,1620.0
14,339.jpg,2400.0,1935.0,1743.0,1864.0
15,339.jpg,2400.0,1935.0,1691.0,1492.0
16,339.jpg,2400.0,1935.0,1719.0,2037.0
17,339.jpg,2400.0,1935.0,1099.0,1469.0
18,339.jpg,2400.0,1935.0,1636.0,1453.0
19,339.jpg,2400.0,1935.0,735.0,1385.0
1,340.jpg,2400.0,1935.0,856.0,1033.0
2,340.jpg,2400.0,1935.0,1429.0,938.0
3,340.jpg,2400.0,1935.0,1331.0,1166.0
4,340.jpg,2400.0,1935.0,622.0,1210.0
5,340.jpg,2400.0,1935.0,1463.0,1503.0
6,340.jpg,2400.0,1935.0,1356.0,1901.0
7,340.jpg,2400.0,1935.0,1329.0,1986.0
8,340.jpg,2400.0,1935.0,1269.0,2038.0
9,340.jpg,2400.0,1935.0,1309.0,2016.0
10,340.jpg,2400.0,1935.0,795.0,1762.0
11,340.jpg,2400.0,1935.0,1495.0,1702.0
12,340.jpg,2400.0,1935.0,1517.0,1713.0
13,340.jpg,2400.0,1935.0,1651.0,1632.0
14,340.jpg,2400.0,1935.0,1586.0,1881.0
15,340.jpg,2400.0,1935.0,1556.0,1479.0
16,340.jpg,2400.0,1935.0,1464.0,1969.0
17,340.jpg,2400.0,1935.0,1004.0,1431.0
18,340.jpg,2400.0,1935.0,1499.0,1439.0
19,340.jpg,2400.0,1935.0,714.0,1321.0
1,341.jpg,2400.0,1935.0,809.0,1072.0
2,341.jpg,2400.0,1935.0,1347.0,995.0
3,341.jpg,2400.0,1935.0,1290.0,1208.0
4,341.jpg,2400.0,1935.0,625.0,1256.0
5,341.jpg,2400.0,1935.0,1410.0,1526.0
6,341.jpg,2400.0,1935.0,1334.0,1829.0
7,341.jpg,2400.0,1935.0,1358.0,1926.0
8,341.jpg,2400.0,1935.0,1318.0,1993.0
9,341.jpg,2400.0,1935.0,1353.0,1969.0
10,341.jpg,2400.0,1935.0,709.0,1747.0
11,341.jpg,2400.0,1935.0,1382.0,1658.0
12,341.jpg,2400.0,1935.0,1427.0,1715.0
13,341.jpg,2400.0,1935.0,1545.0,1610.0
14,341.jpg,2400.0,1935.0,1483.0,1827.0
15,341.jpg,2400.0,1935.0,1506.0,1500.0
16,341.jpg,2400.0,1935.0,1456.0,1932.0
17,341.jpg,2400.0,1935.0,993.0,1443.0
18,341.jpg,2400.0,1935.0,1426.0,1462.0
19,341.jpg,2400.0,1935.0,679.0,1385.0
1,342.jpg,2400.0,1935.0,750.0,959.0
2,342.jpg,2400.0,1935.0,1309.0,869.0
3,342.jpg,2400.0,1935.0,1220.0,1137.0
4,342.jpg,2400.0,1935.0,560.0,1149.0
5,342.jpg,2400.0,1935.0,1296.0,1505.0
6,342.jpg,2400.0,1935.0,1318.0,1949.0
7,342.jpg,2400.0,1935.0,1336.0,2043.0
8,342.jpg,2400.0,1935.0,1273.0,2110.0
9,342.jpg,2400.0,1935.0,1326.0,2075.0
10,342.jpg,2400.0,1935.0,688.0,1763.0
11,342.jpg,2400.0,1935.0,1392.0,1697.0
12,342.jpg,2400.0,1935.0,1408.0,1683.0
13,342.jpg,2400.0,1935.0,1490.0,1565.0
14,342.jpg,2400.0,1935.0,1474.0,1843.0
15,342.jpg,2400.0,1935.0,1456.0,1453.0
16,342.jpg,2400.0,1935.0,1430.0,2009.0
17,342.jpg,2400.0,1935.0,942.0,1401.0
18,342.jpg,2400.0,1935.0,1320.0,1405.0
19,342.jpg,2400.0,1935.0,622.0,1253.0
1,343.jpg,2400.0,1935.0,806.0,1055.0
2,343.jpg,2400.0,1935.0,1343.0,1026.0
3,343.jpg,2400.0,1935.0,1221.0,1233.0
4,343.jpg,2400.0,1935.0,613.0,1242.0
5,343.jpg,2400.0,1935.0,1283.0,1499.0
6,343.jpg,2400.0,1935.0,1251.0,1839.0
7,343.jpg,2400.0,1935.0,1250.0,1866.0
8,343.jpg,2400.0,1935.0,1203.0,1920.0
9,343.jpg,2400.0,1935.0,1232.0,1898.0
10,343.jpg,2400.0,1935.0,729.0,1621.0
11,343.jpg,2400.0,1935.0,1340.0,1647.0
12,343.jpg,2400.0,1935.0,1307.0,1661.0
13,343.jpg,2400.0,1935.0,1411.0,1567.0
14,343.jpg,2400.0,1935.0,1396.0,1765.0
15,343.jpg,2400.0,1935.0,1392.0,1475.0
16,343.jpg,2400.0,1935.0,1338.0,1886.0
17,343.jpg,2400.0,1935.0,947.0,1403.0
18,343.jpg,2400.0,1935.0,1308.0,1452.0
19,343.jpg,2400.0,1935.0,695.0,1291.0
1,344.jpg,2400.0,1935.0,812.0,1054.0
2,344.jpg,2400.0,1935.0,1440.0,906.0
3,344.jpg,2400.0,1935.0,1353.0,1156.0
4,344.jpg,2400.0,1935.0,620.0,1246.0
5,344.jpg,2400.0,1935.0,1427.0,1488.0
6,344.jpg,2400.0,1935.0,1297.0,1820.0
7,344.jpg,2400.0,1935.0,1293.0,1945.0
8,344.jpg,2400.0,1935.0,1242.0,2002.0
9,344.jpg,2400.0,1935.0,1276.0,1984.0
10,344.jpg,2400.0,1935.0,750.0,1677.0
11,344.jpg,2400.0,1935.0,1451.0,1612.0
12,344.jpg,2400.0,1935.0,1549.0,1679.0
13,344.jpg,2400.0,1935.0,1643.0,1530.0
14,344.jpg,2400.0,1935.0,1534.0,1793.0
15,344.jpg,2400.0,1935.0,1543.0,1430.0
16,344.jpg,2400.0,1935.0,1444.0,1881.0
17,344.jpg,2400.0,1935.0,1018.0,1433.0
18,344.jpg,2400.0,1935.0,1434.0,1411.0
19,344.jpg,2400.0,1935.0,729.0,1338.0
1,345.jpg,2400.0,1935.0,835.0,1023.0
2,345.jpg,2400.0,1935.0,1383.0,1045.0
3,345.jpg,2400.0,1935.0,1266.0,1244.0
4,345.jpg,2400.0,1935.0,575.0,1172.0
5,345.jpg,2400.0,1935.0,1264.0,1572.0
6,345.jpg,2400.0,1935.0,1222.0,1938.0
7,345.jpg,2400.0,1935.0,1222.0,1980.0
8,345.jpg,2400.0,1935.0,1177.0,2038.0
9,345.jpg,2400.0,1935.0,1208.0,2015.0
10,345.jpg,2400.0,1935.0,709.0,1680.0
11,345.jpg,2400.0,1935.0,1313.0,1724.0
12,345.jpg,2400.0,1935.0,1260.0,1758.0
13,345.jpg,2400.0,1935.0,1427.0,1687.0
14,345.jpg,2400.0,1935.0,1416.0,1863.0
15,345.jpg,2400.0,1935.0,1417.0,1582.0
16,345.jpg,2400.0,1935.0,1331.0,1981.0
17,345.jpg,2400.0,1935.0,937.0,1426.0
18,345.jpg,2400.0,1935.0,1325.0,1509.0
19,345.jpg,2400.0,1935.0,662.0,1277.0
1,346.jpg,2400.0,1935.0,876.0,1013.0
2,346.jpg,2400.0,1935.0,1442.0,967.0
3,346.jpg,2400.0,1935.0,1342.0,1209.0
4,346.jpg,2400.0,1935.0,581.0,1222.0
5,346.jpg,2400.0,1935.0,1408.0,1500.0
6,346.jpg,2400.0,1935.0,1407.0,1933.0
7,346.jpg,2400.0,1935.0,1410.0,2021.0
8,346.jpg,2400.0,1935.0,1361.0,2080.0
9,346.jpg,2400.0,1935.0,1399.0,2071.0
10,346.jpg,2400.0,1935.0,767.0,1722.0
11,346.jpg,2400.0,1935.0,1497.0,1697.0
12,346.jpg,2400.0,1935.0,1480.0,1694.0
13,346.jpg,2400.0,1935.0,1602.0,1584.0
14,346.jpg,2400.0,1935.0,1620.0,1796.0
15,346.jpg,2400.0,1935.0,1542.0,1481.0
16,346.jpg,2400.0,1935.0,1543.0,1948.0
17,346.jpg,2400.0,1935.0,1000.0,1382.0
18,346.jpg,2400.0,1935.0,1461.0,1414.0
19,346.jpg,2400.0,1935.0,712.0,1263.0
1,347.jpg,2400.0,1935.0,801.0,1077.0
2,347.jpg,2400.0,1935.0,1341.0,945.0
3,347.jpg,2400.0,1935.0,1258.0,1213.0
4,347.jpg,2400.0,1935.0,559.0,1149.0
5,347.jpg,2400.0,1935.0,1337.0,1519.0
6,347.jpg,2400.0,1935.0,1355.0,1880.0
7,347.jpg,2400.0,1935.0,1368.0,1974.0
8,347.jpg,2400.0,1935.0,1331.0,2023.0
9,347.jpg,2400.0,1935.0,1354.0,2007.0
10,347.jpg,2400.0,1935.0,746.0,1735.0
11,347.jpg,2400.0,1935.0,1392.0,1689.0
12,347.jpg,2400.0,1935.0,1377.0,1694.0
13,347.jpg,2400.0,1935.0,1494.0,1601.0
14,347.jpg,2400.0,1935.0,1517.0,1753.0
15,347.jpg,2400.0,1935.0,1464.0,1498.0
16,347.jpg,2400.0,1935.0,1460.0,1863.0
17,347.jpg,2400.0,1935.0,961.0,1450.0
18,347.jpg,2400.0,1935.0,1360.0,1459.0
19,347.jpg,2400.0,1935.0,659.0,1310.0
1,348.jpg,2400.0,1935.0,864.0,1013.0
2,348.jpg,2400.0,1935.0,1469.0,949.0
3,348.jpg,2400.0,1935.0,1353.0,1163.0
4,348.jpg,2400.0,1935.0,617.0,1200.0
5,348.jpg,2400.0,1935.0,1473.0,1505.0
6,348.jpg,2400.0,1935.0,1438.0,1951.0
7,348.jpg,2400.0,1935.0,1438.0,2036.0
8,348.jpg,2400.0,1935.0,1390.0,2112.0
9,348.jpg,2400.0,1935.0,1425.0,2089.0
10,348.jpg,2400.0,1935.0,799.0,1754.0
11,348.jpg,2400.0,1935.0,1559.0,1708.0
12,348.jpg,2400.0,1935.0,1589.0,1723.0
13,348.jpg,2400.0,1935.0,1671.0,1595.0
14,348.jpg,2400.0,1935.0,1627.0,1895.0
15,348.jpg,2400.0,1935.0,1605.0,1462.0
16,348.jpg,2400.0,1935.0,1544.0,2014.0
17,348.jpg,2400.0,1935.0,1032.0,1431.0
18,348.jpg,2400.0,1935.0,1511.0,1424.0
19,348.jpg,2400.0,1935.0,684.0,1288.0
1,349.jpg,2400.0,1935.0,814.0,1049.0
2,349.jpg,2400.0,1935.0,1383.0,957.0
3,349.jpg,2400.0,1935.0,1295.0,1177.0
4,349.jpg,2400.0,1935.0,606.0,1248.0
5,349.jpg,2400.0,1935.0,1511.0,1488.0
6,349.jpg,2400.0,1935.0,1415.0,1820.0
7,349.jpg,2400.0,1935.0,1429.0,1914.0
8,349.jpg,2400.0,1935.0,1365.0,1982.0
9,349.jpg,2400.0,1935.0,1408.0,1954.0
10,349.jpg,2400.0,1935.0,772.0,1809.0
11,349.jpg,2400.0,1935.0,1457.0,1599.0
12,349.jpg,2400.0,1935.0,1478.0,1704.0
13,349.jpg,2400.0,1935.0,1657.0,1528.0
14,349.jpg,2400.0,1935.0,1571.0,1835.0
15,349.jpg,2400.0,1935.0,1596.0,1441.0
16,349.jpg,2400.0,1935.0,1513.0,1921.0
17,349.jpg,2400.0,1935.0,1024.0,1456.0
18,349.jpg,2400.0,1935.0,1532.0,1412.0
19,349.jpg,2400.0,1935.0,681.0,1397.0
1,350.jpg,2400.0,1935.0,794.0,1033.0
2,350.jpg,2400.0,1935.0,1382.0,916.0
3,350.jpg,2400.0,1935.0,1303.0,1141.0
4,350.jpg,2400.0,1935.0,613.0,1181.0
5,350.jpg,2400.0,1935.0,1397.0,1450.0
6,350.jpg,2400.0,1935.0,1325.0,1891.0
7,350.jpg,2400.0,1935.0,1321.0,1983.0
8,350.jpg,2400.0,1935.0,1261.0,2064.0
9,350.jpg,2400.0,1935.0,1306.0,2036.0
10,350.jpg,2400.0,1935.0,736.0,1715.0
11,350.jpg,2400.0,1935.0,1457.0,1663.0
12,350.jpg,2400.0,1935.0,1487.0,1705.0
13,350.jpg,2400.0,1935.0,1576.0,1550.0
14,350.jpg,2400.0,1935.0,1524.0,1809.0
15,350.jpg,2400.0,1935.0,1503.0,1435.0
16,350.jpg,2400.0,1935.0,1416.0,1939.0
17,350.jpg,2400.0,1935.0,991.0,1397.0
18,350.jpg,2400.0,1935.0,1416.0,1406.0
19,350.jpg,2400.0,1935.0,693.0,1312.0
1,351.jpg,2400.0,1935.0,842.0,1053.0
2,351.jpg,2400.0,1935.0,1374.0,1016.0
3,351.jpg,2400.0,1935.0,1287.0,1232.0
4,351.jpg,2400.0,1935.0,607.0,1223.0
5,351.jpg,2400.0,1935.0,1345.0,1524.0
6,351.jpg,2400.0,1935.0,1260.0,1854.0
7,351.jpg,2400.0,1935.0,1264.0,1917.0
8,351.jpg,2400.0,1935.0,1217.0,1979.0
9,351.jpg,2400.0,1935.0,1249.0,1952.0
10,351.jpg,2400.0,1935.0,712.0,1708.0
11,351.jpg,2400.0,1935.0,1377.0,1686.0
12,351.jpg,2400.0,1935.0,1408.0,1690.0
13,351.jpg,2400.0,1935.0,1506.0,1587.0
14,351.jpg,2400.0,1935.0,1467.0,1809.0
15,351.jpg,2400.0,1935.0,1458.0,1506.0
16,351.jpg,2400.0,1935.0,1385.0,1907.0
17,351.jpg,2400.0,1935.0,976.0,1441.0
18,351.jpg,2400.0,1935.0,1370.0,1472.0
19,351.jpg,2400.0,1935.0,672.0,1302.0
1,352.jpg,2400.0,1935.0,813.0,1111.0
2,352.jpg,2400.0,1935.0,1355.0,1002.0
3,352.jpg,2400.0,1935.0,1226.0,1182.0
4,352.jpg,2400.0,1935.0,598.0,1219.0
5,352.jpg,2400.0,1935.0,1362.0,1452.0
6,352.jpg,2400.0,1935.0,1337.0,1781.0
7,352.jpg,2400.0,1935.0,1333.0,1848.0
8,352.jpg,2400.0,1935.0,1266.0,1913.0
9,352.jpg,2400.0,1935.0,1314.0,1890.0
10,352.jpg,2400.0,1935.0,793.0,1686.0
11,352.jpg,2400.0,1935.0,1399.0,1608.0
12,352.jpg,2400.0,1935.0,1417.0,1617.0
13,352.jpg,2400.0,1935.0,1524.0,1493.0
14,352.jpg,2400.0,1935.0,1495.0,1730.0
15,352.jpg,2400.0,1935.0,1471.0,1424.0
16,352.jpg,2400.0,1935.0,1444.0,1831.0
17,352.jpg,2400.0,1935.0,997.0,1397.0
18,352.jpg,2400.0,1935.0,1376.0,1397.0
19,352.jpg,2400.0,1935.0,688.0,1354.0
1,353.jpg,2400.0,1935.0,766.0,1065.0
2,353.jpg,2400.0,1935.0,1350.0,928.0
3,353.jpg,2400.0,1935.0,1273.0,1145.0
4,353.jpg,2400.0,1935.0,568.0,1232.0
5,353.jpg,2400.0,1935.0,1397.0,1440.0
6,353.jpg,2400.0,1935.0,1342.0,1827.0
7,353.jpg,2400.0,1935.0,1335.0,1891.0
8,353.jpg,2400.0,1935.0,1278.0,1970.0
9,353.jpg,2400.0,1935.0,1318.0,1941.0
10,353.jpg,2400.0,1935.0,720.0,1760.0
11,353.jpg,2400.0,1935.0,1449.0,1614.0
12,353.jpg,2400.0,1935.0,1492.0,1656.0
13,353.jpg,2400.0,1935.0,1563.0,1553.0
14,353.jpg,2400.0,1935.0,1537.0,1750.0
15,353.jpg,2400.0,1935.0,1514.0,1445.0
16,353.jpg,2400.0,1935.0,1426.0,1886.0
17,353.jpg,2400.0,1935.0,1008.0,1429.0
18,353.jpg,2400.0,1935.0,1403.0,1396.0
19,353.jpg,2400.0,1935.0,669.0,1340.0
1,354.jpg,2400.0,1935.0,848.0,996.0
2,354.jpg,2400.0,1935.0,1417.0,919.0
3,354.jpg,2400.0,1935.0,1332.0,1188.0
4,354.jpg,2400.0,1935.0,593.0,1195.0
5,354.jpg,2400.0,1935.0,1419.0,1442.0
6,354.jpg,2400.0,1935.0,1433.0,1826.0
7,354.jpg,2400.0,1935.0,1452.0,1927.0
8,354.jpg,2400.0,1935.0,1398.0,1992.0
9,354.jpg,2400.0,1935.0,1437.0,1971.0
10,354.jpg,2400.0,1935.0,783.0,1694.0
11,354.jpg,2400.0,1935.0,1482.0,1625.0
12,354.jpg,2400.0,1935.0,1510.0,1639.0
13,354.jpg,2400.0,1935.0,1592.0,1530.0
14,354.jpg,2400.0,1935.0,1599.0,1760.0
15,354.jpg,2400.0,1935.0,1535.0,1419.0
16,354.jpg,2400.0,1935.0,1575.0,1930.0
17,354.jpg,2400.0,1935.0,1005.0,1412.0
18,354.jpg,2400.0,1935.0,1461.0,1386.0
19,354.jpg,2400.0,1935.0,687.0,1327.0
1,355.jpg,2400.0,1935.0,850.0,1085.0
2,355.jpg,2400.0,1935.0,1445.0,1003.0
3,355.jpg,2400.0,1935.0,1349.0,1228.0
4,355.jpg,2400.0,1935.0,637.0,1268.0
5,355.jpg,2400.0,1935.0,1453.0,1571.0
6,355.jpg,2400.0,1935.0,1410.0,1961.0
7,355.jpg,2400.0,1935.0,1414.0,2055.0
8,355.jpg,2400.0,1935.0,1362.0,2132.0
9,355.jpg,2400.0,1935.0,1404.0,2106.0
10,355.jpg,2400.0,1935.0,827.0,1854.0
11,355.jpg,2400.0,1935.0,1461.0,1756.0
12,355.jpg,2400.0,1935.0,1487.0,1793.0
13,355.jpg,2400.0,1935.0,1643.0,1681.0
14,355.jpg,2400.0,1935.0,1591.0,1874.0
15,355.jpg,2400.0,1935.0,1592.0,1558.0
16,355.jpg,2400.0,1935.0,1548.0,2028.0
17,355.jpg,2400.0,1935.0,1062.0,1523.0
18,355.jpg,2400.0,1935.0,1469.0,1516.0
19,355.jpg,2400.0,1935.0,719.0,1412.0
1,356.jpg,2400.0,1935.0,752.0,1080.0
2,356.jpg,2400.0,1935.0,1302.0,980.0
3,356.jpg,2400.0,1935.0,1240.0,1192.0
4,356.jpg,2400.0,1935.0,604.0,1257.0
5,356.jpg,2400.0,1935.0,1349.0,1483.0
6,356.jpg,2400.0,1935.0,1330.0,1816.0
7,356.jpg,2400.0,1935.0,1337.0,1908.0
8,356.jpg,2400.0,1935.0,1280.0,1979.0
9,356.jpg,2400.0,1935.0,1323.0,1957.0
10,356.jpg,2400.0,1935.0,702.0,1752.0
11,356.jpg,2400.0,1935.0,1360.0,1633.0
12,356.jpg,2400.0,1935.0,1383.0,1665.0
13,356.jpg,2400.0,1935.0,1503.0,1543.0
14,356.jpg,2400.0,1935.0,1469.0,1784.0
15,356.jpg,2400.0,1935.0,1456.0,1454.0
16,356.jpg,2400.0,1935.0,1440.0,1914.0
17,356.jpg,2400.0,1935.0,952.0,1433.0
18,356.jpg,2400.0,1935.0,1365.0,1441.0
19,356.jpg,2400.0,1935.0,666.0,1328.0
1,357.jpg,2400.0,1935.0,865.0,1068.0
2,357.jpg,2400.0,1935.0,1468.0,1042.0
3,357.jpg,2400.0,1935.0,1367.0,1264.0
4,357.jpg,2400.0,1935.0,638.0,1246.0
5,357.jpg,2400.0,1935.0,1438.0,1554.0
6,357.jpg,2400.0,1935.0,1417.0,1955.0
7,357.jpg,2400.0,1935.0,1426.0,2010.0
8,357.jpg,2400.0,1935.0,1363.0,2083.0
9,357.jpg,2400.0,1935.0,1398.0,2062.0
10,357.jpg,2400.0,1935.0,764.0,1837.0
11,357.jpg,2400.0,1935.0,1495.0,1751.0
12,357.jpg,2400.0,1935.0,1498.0,1743.0
13,357.jpg,2400.0,1935.0,1604.0,1638.0
14,357.jpg,2400.0,1935.0,1608.0,1869.0
15,357.jpg,2400.0,1935.0,1563.0,1571.0
16,357.jpg,2400.0,1935.0,1529.0,2040.0
17,357.jpg,2400.0,1935.0,1007.0,1473.0
18,357.jpg,2400.0,1935.0,1489.0,1493.0
19,357.jpg,2400.0,1935.0,680.0,1348.0
1,358.jpg,2400.0,1935.0,920.0,882.0
2,358.jpg,2400.0,1935.0,1503.0,935.0
3,358.jpg,2400.0,1935.0,1377.0,1149.0
4,358.jpg,2400.0,1935.0,698.0,1249.0
5,358.jpg,2400.0,1935.0,1436.0,1534.0
6,358.jpg,2400.0,1935.0,1390.0,1987.0
7,358.jpg,2400.0,1935.0,1367.0,2081.0
8,358.jpg,2400.0,1935.0,1293.0,2147.0
9,358.jpg,2400.0,1935.0,1333.0,2123.0
10,358.jpg,2400.0,1935.0,741.0,1726.0
11,358.jpg,2400.0,1935.0,1486.0,1733.0
12,358.jpg,2400.0,1935.0,1495.0,1721.0
13,358.jpg,2400.0,1935.0,1615.0,1635.0
14,358.jpg,2400.0,1935.0,1596.0,1965.0
15,358.jpg,2400.0,1935.0,1554.0,1526.0
16,358.jpg,2400.0,1935.0,1450.0,2112.0
17,358.jpg,2400.0,1935.0,1026.0,1410.0
18,358.jpg,2400.0,1935.0,1494.0,1442.0
19,358.jpg,2400.0,1935.0,764.0,1209.0
1,359.jpg,2400.0,1935.0,762.0,1037.0
2,359.jpg,2400.0,1935.0,1234.0,911.0
3,359.jpg,2400.0,1935.0,1161.0,1083.0
4,359.jpg,2400.0,1935.0,595.0,1223.0
5,359.jpg,2400.0,1935.0,1296.0,1344.0
6,359.jpg,2400.0,1935.0,1269.0,1679.0
7,359.jpg,2400.0,1935.0,1262.0,1753.0
8,359.jpg,2400.0,1935.0,1209.0,1809.0
9,359.jpg,2400.0,1935.0,1241.0,1793.0
10,359.jpg,2400.0,1935.0,757.0,1618.0
11,359.jpg,2400.0,1935.0,1330.0,1513.0
12,359.jpg,2400.0,1935.0,1367.0,1499.0
13,359.jpg,2400.0,1935.0,1450.0,1376.0
14,359.jpg,2400.0,1935.0,1431.0,1602.0
15,359.jpg,2400.0,1935.0,1395.0,1305.0
16,359.jpg,2400.0,1935.0,1362.0,1721.0
17,359.jpg,2400.0,1935.0,957.0,1336.0
18,359.jpg,2400.0,1935.0,1276.0,1277.0
19,359.jpg,2400.0,1935.0,671.0,1277.0
1,360.jpg,2400.0,1935.0,829.0,1045.0
2,360.jpg,2400.0,1935.0,1399.0,892.0
3,360.jpg,2400.0,1935.0,1338.0,1134.0
4,360.jpg,2400.0,1935.0,651.0,1209.0
5,360.jpg,2400.0,1935.0,1441.0,1451.0
6,360.jpg,2400.0,1935.0,1349.0,1832.0
7,360.jpg,2400.0,1935.0,1334.0,1922.0
8,360.jpg,2400.0,1935.0,1284.0,1986.0
9,360.jpg,2400.0,1935.0,1315.0,1964.0
10,360.jpg,2400.0,1935.0,810.0,1740.0
11,360.jpg,2400.0,1935.0,1511.0,1641.0
12,360.jpg,2400.0,1935.0,1539.0,1672.0
13,360.jpg,2400.0,1935.0,1637.0,1559.0
14,360.jpg,2400.0,1935.0,1569.0,1774.0
15,360.jpg,2400.0,1935.0,1578.0,1407.0
16,360.jpg,2400.0,1935.0,1467.0,1890.0
17,360.jpg,2400.0,1935.0,1038.0,1410.0
18,360.jpg,2400.0,1935.0,1518.0,1382.0
19,360.jpg,2400.0,1935.0,743.0,1334.0
1,361.jpg,2400.0,1935.0,775.0,987.0
2,361.jpg,2400.0,1935.0,1344.0,974.0
3,361.jpg,2400.0,1935.0,1234.0,1181.0
4,361.jpg,2400.0,1935.0,532.0,1163.0
5,361.jpg,2400.0,1935.0,1272.0,1524.0
6,361.jpg,2400.0,1935.0,1248.0,1960.0
7,361.jpg,2400.0,1935.0,1262.0,2073.0
8,361.jpg,2400.0,1935.0,1220.0,2143.0
9,361.jpg,2400.0,1935.0,1252.0,2123.0
10,361.jpg,2400.0,1935.0,657.0,1784.0
11,361.jpg,2400.0,1935.0,1349.0,1744.0
12,361.jpg,2400.0,1935.0,1333.0,1742.0
13,361.jpg,2400.0,1935.0,1480.0,1651.0
14,361.jpg,2400.0,1935.0,1458.0,1895.0
15,361.jpg,2400.0,1935.0,1415.0,1536.0
16,361.jpg,2400.0,1935.0,1391.0,1994.0
17,361.jpg,2400.0,1935.0,895.0,1427.0
18,361.jpg,2400.0,1935.0,1295.0,1457.0
19,361.jpg,2400.0,1935.0,608.0,1299.0
1,362.jpg,2400.0,1935.0,1061.0,978.0
2,362.jpg,2400.0,1935.0,1621.0,927.0
3,362.jpg,2400.0,1935.0,1540.0,1094.0
4,362.jpg,2400.0,1935.0,856.0,1144.0
5,362.jpg,2400.0,1935.0,1624.0,1421.0
6,362.jpg,2400.0,1935.0,1542.0,1798.0
7,362.jpg,2400.0,1935.0,1549.0,1883.0
8,362.jpg,2400.0,1935.0,1495.0,1951.0
9,362.jpg,2400.0,1935.0,1530.0,1930.0
10,362.jpg,2400.0,1935.0,985.0,1683.0
11,362.jpg,2400.0,1935.0,1650.0,1610.0
12,362.jpg,2400.0,1935.0,1712.0,1594.0
13,362.jpg,2400.0,1935.0,1799.0,1510.0
14,362.jpg,2400.0,1935.0,1733.0,1750.0
15,362.jpg,2400.0,1935.0,1739.0,1410.0
16,362.jpg,2400.0,1935.0,1652.0,1868.0
17,362.jpg,2400.0,1935.0,1242.0,1350.0
18,362.jpg,2400.0,1935.0,1666.0,1357.0
19,362.jpg,2400.0,1935.0,926.0,1282.0
1,363.jpg,2400.0,1935.0,809.0,1008.0
2,363.jpg,2400.0,1935.0,1427.0,972.0
3,363.jpg,2400.0,1935.0,1324.0,1147.0
4,363.jpg,2400.0,1935.0,598.0,1144.0
5,363.jpg,2400.0,1935.0,1426.0,1521.0
6,363.jpg,2400.0,1935.0,1383.0,1862.0
7,363.jpg,2400.0,1935.0,1385.0,2050.0
8,363.jpg,2400.0,1935.0,1338.0,2080.0
9,363.jpg,2400.0,1935.0,1374.0,2071.0
10,363.jpg,2400.0,1935.0,684.0,1681.0
11,363.jpg,2400.0,1935.0,1451.0,1685.0
12,363.jpg,2400.0,1935.0,1474.0,1715.0
13,363.jpg,2400.0,1935.0,1574.0,1618.0
14,363.jpg,2400.0,1935.0,1560.0,1826.0
15,363.jpg,2400.0,1935.0,1504.0,1470.0
16,363.jpg,2400.0,1935.0,1510.0,1992.0
17,363.jpg,2400.0,1935.0,976.0,1409.0
18,363.jpg,2400.0,1935.0,1409.0,1451.0
19,363.jpg,2400.0,1935.0,654.0,1272.0
1,364.jpg,2400.0,1935.0,825.0,1079.0
2,364.jpg,2400.0,1935.0,1404.0,1068.0
3,364.jpg,2400.0,1935.0,1304.0,1258.0
4,364.jpg,2400.0,1935.0,595.0,1249.0
5,364.jpg,2400.0,1935.0,1344.0,1602.0
6,364.jpg,2400.0,1935.0,1215.0,2002.0
7,364.jpg,2400.0,1935.0,1189.0,2108.0
8,364.jpg,2400.0,1935.0,1136.0,2170.0
9,364.jpg,2400.0,1935.0,1168.0,2152.0
10,364.jpg,2400.0,1935.0,635.0,1734.0
11,364.jpg,2400.0,1935.0,1356.0,1818.0
12,364.jpg,2400.0,1935.0,1369.0,1827.0
13,364.jpg,2400.0,1935.0,1492.0,1698.0
14,364.jpg,2400.0,1935.0,1420.0,1957.0
15,364.jpg,2400.0,1935.0,1453.0,1569.0
16,364.jpg,2400.0,1935.0,1310.0,2066.0
17,364.jpg,2400.0,1935.0,949.0,1473.0
18,364.jpg,2400.0,1935.0,1377.0,1525.0
19,364.jpg,2400.0,1935.0,661.0,1337.0
1,365.jpg,2400.0,1935.0,908.0,1073.0
2,365.jpg,2400.0,1935.0,1478.0,1066.0
3,365.jpg,2400.0,1935.0,1368.0,1290.0
4,365.jpg,2400.0,1935.0,717.0,1252.0
5,365.jpg,2400.0,1935.0,1414.0,1635.0
6,365.jpg,2400.0,1935.0,1411.0,2063.0
7,365.jpg,2400.0,1935.0,1420.0,2163.0
8,365.jpg,2400.0,1935.0,1376.0,2233.0
9,365.jpg,2400.0,1935.0,1403.0,2209.0
10,365.jpg,2400.0,1935.0,861.0,1875.0
11,365.jpg,2400.0,1935.0,1472.0,1839.0
12,365.jpg,2400.0,1935.0,1468.0,1850.0
13,365.jpg,2400.0,1935.0,1583.0,1731.0
14,365.jpg,2400.0,1935.0,1573.0,1987.0
15,365.jpg,2400.0,1935.0,1547.0,1630.0
16,365.jpg,2400.0,1935.0,1496.0,2159.0
17,365.jpg,2400.0,1935.0,1060.0,1495.0
18,365.jpg,2400.0,1935.0,1456.0,1577.0
19,365.jpg,2400.0,1935.0,765.0,1353.0
1,366.jpg,2400.0,1935.0,852.0,1057.0
2,366.jpg,2400.0,1935.0,1425.0,939.0
3,366.jpg,2400.0,1935.0,1339.0,1131.0
4,366.jpg,2400.0,1935.0,615.0,1269.0
5,366.jpg,2400.0,1935.0,1484.0,1437.0
6,366.jpg,2400.0,1935.0,1427.0,1849.0
7,366.jpg,2400.0,1935.0,1419.0,1921.0
8,366.jpg,2400.0,1935.0,1371.0,1983.0
9,366.jpg,2400.0,1935.0,1401.0,1962.0
10,366.jpg,2400.0,1935.0,808.0,1755.0
11,366.jpg,2400.0,1935.0,1508.0,1595.0
12,366.jpg,2400.0,1935.0,1546.0,1645.0
13,366.jpg,2400.0,1935.0,1647.0,1528.0
14,366.jpg,2400.0,1935.0,1621.0,1748.0
15,366.jpg,2400.0,1935.0,1608.0,1429.0
16,366.jpg,2400.0,1935.0,1552.0,1879.0
17,366.jpg,2400.0,1935.0,1048.0,1416.0
18,366.jpg,2400.0,1935.0,1512.0,1395.0
19,366.jpg,2400.0,1935.0,687.0,1367.0
1,367.jpg,2400.0,1935.0,756.0,967.0
2,367.jpg,2400.0,1935.0,1341.0,867.0
3,367.jpg,2400.0,1935.0,1267.0,1122.0
4,367.jpg,2400.0,1935.0,556.0,1150.0
5,367.jpg,2400.0,1935.0,1401.0,1439.0
6,367.jpg,2400.0,1935.0,1374.0,1826.0
7,367.jpg,2400.0,1935.0,1378.0,1920.0
8,367.jpg,2400.0,1935.0,1323.0,1991.0
9,367.jpg,2400.0,1935.0,1358.0,1970.0
10,367.jpg,2400.0,1935.0,721.0,1724.0
11,367.jpg,2400.0,1935.0,1435.0,1625.0
12,367.jpg,2400.0,1935.0,1453.0,1625.0
13,367.jpg,2400.0,1935.0,1559.0,1517.0
14,367.jpg,2400.0,1935.0,1546.0,1735.0
15,367.jpg,2400.0,1935.0,1505.0,1410.0
16,367.jpg,2400.0,1935.0,1501.0,1911.0
17,367.jpg,2400.0,1935.0,966.0,1379.0
18,367.jpg,2400.0,1935.0,1423.0,1365.0
19,367.jpg,2400.0,1935.0,651.0,1269.0
1,368.jpg,2400.0,1935.0,812.0,1035.0
2,368.jpg,2400.0,1935.0,1350.0,998.0
3,368.jpg,2400.0,1935.0,1281.0,1157.0
4,368.jpg,2400.0,1935.0,614.0,1220.0
5,368.jpg,2400.0,1935.0,1365.0,1588.0
6,368.jpg,2400.0,1935.0,1237.0,1935.0
7,368.jpg,2400.0,1935.0,1233.0,2047.0
8,368.jpg,2400.0,1935.0,1180.0,2128.0
9,368.jpg,2400.0,1935.0,1216.0,2097.0
10,368.jpg,2400.0,1935.0,647.0,1772.0
11,368.jpg,2400.0,1935.0,1363.0,1754.0
12,368.jpg,2400.0,1935.0,1406.0,1805.0
13,368.jpg,2400.0,1935.0,1481.0,1715.0
14,368.jpg,2400.0,1935.0,1408.0,1920.0
15,368.jpg,2400.0,1935.0,1447.0,1572.0
16,368.jpg,2400.0,1935.0,1343.0,2000.0
17,368.jpg,2400.0,1935.0,927.0,1486.0
18,368.jpg,2400.0,1935.0,1383.0,1524.0
19,368.jpg,2400.0,1935.0,653.0,1331.0
1,369.jpg,2400.0,1935.0,719.0,999.0
2,369.jpg,2400.0,1935.0,1272.0,965.0
3,369.jpg,2400.0,1935.0,1177.0,1144.0
4,369.jpg,2400.0,1935.0,552.0,1197.0
5,369.jpg,2400.0,1935.0,1262.0,1474.0
6,369.jpg,2400.0,1935.0,1176.0,1847.0
7,369.jpg,2400.0,1935.0,1170.0,1928.0
8,369.jpg,2400.0,1935.0,1118.0,1979.0
9,369.jpg,2400.0,1935.0,1152.0,1960.0
10,369.jpg,2400.0,1935.0,612.0,1650.0
11,369.jpg,2400.0,1935.0,1299.0,1655.0
12,369.jpg,2400.0,1935.0,1310.0,1688.0
13,369.jpg,2400.0,1935.0,1393.0,1588.0
14,369.jpg,2400.0,1935.0,1361.0,1747.0
15,369.jpg,2400.0,1935.0,1382.0,1461.0
16,369.jpg,2400.0,1935.0,1302.0,1873.0
17,369.jpg,2400.0,1935.0,881.0,1369.0
18,369.jpg,2400.0,1935.0,1280.0,1408.0
19,369.jpg,2400.0,1935.0,601.0,1272.0
1,370.jpg,2400.0,1935.0,838.0,1102.0
2,370.jpg,2400.0,1935.0,1447.0,1078.0
3,370.jpg,2400.0,1935.0,1317.0,1273.0
4,370.jpg,2400.0,1935.0,586.0,1257.0
5,370.jpg,2400.0,1935.0,1388.0,1602.0
6,370.jpg,2400.0,1935.0,1267.0,1981.0
7,370.jpg,2400.0,1935.0,1261.0,2066.0
8,370.jpg,2400.0,1935.0,1203.0,2130.0
9,370.jpg,2400.0,1935.0,1242.0,2107.0
10,370.jpg,2400.0,1935.0,633.0,1767.0
11,370.jpg,2400.0,1935.0,1375.0,1759.0
12,370.jpg,2400.0,1935.0,1409.0,1821.0
13,370.jpg,2400.0,1935.0,1557.0,1699.0
14,370.jpg,2400.0,1935.0,1455.0,1939.0
15,370.jpg,2400.0,1935.0,1514.0,1598.0
16,370.jpg,2400.0,1935.0,1387.0,2024.0
17,370.jpg,2400.0,1935.0,971.0,1505.0
18,370.jpg,2400.0,1935.0,1427.0,1543.0
19,370.jpg,2400.0,1935.0,641.0,1362.0
1,371.jpg,2400.0,1935.0,761.0,1042.0
2,371.jpg,2400.0,1935.0,1334.0,908.0
3,371.jpg,2400.0,1935.0,1259.0,1157.0
4,371.jpg,2400.0,1935.0,597.0,1199.0
5,371.jpg,2400.0,1935.0,1377.0,1418.0
6,371.jpg,2400.0,1935.0,1317.0,1793.0
7,371.jpg,2400.0,1935.0,1311.0,1897.0
8,371.jpg,2400.0,1935.0,1260.0,1968.0
9,371.jpg,2400.0,1935.0,1291.0,1943.0
10,371.jpg,2400.0,1935.0,728.0,1650.0
11,371.jpg,2400.0,1935.0,1401.0,1594.0
12,371.jpg,2400.0,1935.0,1469.0,1637.0
13,371.jpg,2400.0,1935.0,1533.0,1481.0
14,371.jpg,2400.0,1935.0,1509.0,1741.0
15,371.jpg,2400.0,1935.0,1476.0,1382.0
16,371.jpg,2400.0,1935.0,1442.0,1818.0
17,371.jpg,2400.0,1935.0,980.0,1396.0
18,371.jpg,2400.0,1935.0,1407.0,1358.0
19,371.jpg,2400.0,1935.0,690.0,1308.0
1,372.jpg,2400.0,1935.0,789.0,969.0
2,372.jpg,2400.0,1935.0,1393.0,890.0
3,372.jpg,2400.0,1935.0,1310.0,1137.0
4,372.jpg,2400.0,1935.0,555.0,1139.0
5,372.jpg,2400.0,1935.0,1404.0,1458.0
6,372.jpg,2400.0,1935.0,1370.0,1833.0
7,372.jpg,2400.0,1935.0,1368.0,1913.0
8,372.jpg,2400.0,1935.0,1307.0,1981.0
9,372.jpg,2400.0,1935.0,1344.0,1964.0
10,372.jpg,2400.0,1935.0,694.0,1674.0
11,372.jpg,2400.0,1935.0,1403.0,1598.0
12,372.jpg,2400.0,1935.0,1447.0,1641.0
13,372.jpg,2400.0,1935.0,1551.0,1503.0
14,372.jpg,2400.0,1935.0,1540.0,1722.0
15,372.jpg,2400.0,1935.0,1512.0,1417.0
16,372.jpg,2400.0,1935.0,1508.0,1854.0
17,372.jpg,2400.0,1935.0,963.0,1352.0
18,372.jpg,2400.0,1935.0,1410.0,1368.0
19,372.jpg,2400.0,1935.0,625.0,1222.0
1,373.jpg,2400.0,1935.0,793.0,1039.0
2,373.jpg,2400.0,1935.0,1441.0,974.0
3,373.jpg,2400.0,1935.0,1306.0,1170.0
4,373.jpg,2400.0,1935.0,613.0,1244.0
5,373.jpg,2400.0,1935.0,1419.0,1559.0
6,373.jpg,2400.0,1935.0,1332.0,1893.0
7,373.jpg,2400.0,1935.0,1352.0,2004.0
8,373.jpg,2400.0,1935.0,1290.0,2074.0
9,373.jpg,2400.0,1935.0,1331.0,2051.0
10,373.jpg,2400.0,1935.0,723.0,1769.0
11,373.jpg,2400.0,1935.0,1414.0,1714.0
12,373.jpg,2400.0,1935.0,1454.0,1769.0
13,373.jpg,2400.0,1935.0,1598.0,1649.0
14,373.jpg,2400.0,1935.0,1544.0,1873.0
15,373.jpg,2400.0,1935.0,1546.0,1528.0
16,373.jpg,2400.0,1935.0,1459.0,1990.0
17,373.jpg,2400.0,1935.0,1036.0,1470.0
18,373.jpg,2400.0,1935.0,1463.0,1491.0
19,373.jpg,2400.0,1935.0,710.0,1349.0
1,374.jpg,2400.0,1935.0,925.0,1064.0
2,374.jpg,2400.0,1935.0,1486.0,1055.0
3,374.jpg,2400.0,1935.0,1373.0,1292.0
4,374.jpg,2400.0,1935.0,656.0,1200.0
5,374.jpg,2400.0,1935.0,1407.0,1572.0
6,374.jpg,2400.0,1935.0,1302.0,1995.0
7,374.jpg,2400.0,1935.0,1301.0,2072.0
8,374.jpg,2400.0,1935.0,1248.0,2123.0
9,374.jpg,2400.0,1935.0,1287.0,2102.0
10,374.jpg,2400.0,1935.0,724.0,1760.0
11,374.jpg,2400.0,1935.0,1419.0,1778.0
12,374.jpg,2400.0,1935.0,1446.0,1786.0
13,374.jpg,2400.0,1935.0,1572.0,1681.0
14,374.jpg,2400.0,1935.0,1509.0,1931.0
15,374.jpg,2400.0,1935.0,1534.0,1566.0
16,374.jpg,2400.0,1935.0,1441.0,2034.0
17,374.jpg,2400.0,1935.0,1022.0,1458.0
18,374.jpg,2400.0,1935.0,1442.0,1504.0
19,374.jpg,2400.0,1935.0,706.0,1325.0
1,375.jpg,2400.0,1935.0,1102.0,1031.0
2,375.jpg,2400.0,1935.0,1691.0,1000.0
3,375.jpg,2400.0,1935.0,1559.0,1226.0
4,375.jpg,2400.0,1935.0,857.0,1200.0
5,375.jpg,2400.0,1935.0,1576.0,1563.0
6,375.jpg,2400.0,1935.0,1476.0,1913.0
7,375.jpg,2400.0,1935.0,1437.0,2003.0
8,375.jpg,2400.0,1935.0,1359.0,2043.0
9,375.jpg,2400.0,1935.0,1408.0,2037.0
10,375.jpg,2400.0,1935.0,913.0,1706.0
11,375.jpg,2400.0,1935.0,1597.0,1750.0
12,375.jpg,2400.0,1935.0,1624.0,1776.0
13,375.jpg,2400.0,1935.0,1734.0,1665.0
14,375.jpg,2400.0,1935.0,1684.0,1833.0
15,375.jpg,2400.0,1935.0,1710.0,1547.0
16,375.jpg,2400.0,1935.0,1617.0,1955.0
17,375.jpg,2400.0,1935.0,1228.0,1435.0
18,375.jpg,2400.0,1935.0,1623.0,1503.0
19,375.jpg,2400.0,1935.0,947.0,1293.0
1,376.jpg,2400.0,1935.0,707.0,942.0
2,376.jpg,2400.0,1935.0,1335.0,825.0
3,376.jpg,2400.0,1935.0,1233.0,1054.0
4,376.jpg,2400.0,1935.0,513.0,1105.0
5,376.jpg,2400.0,1935.0,1311.0,1393.0
6,376.jpg,2400.0,1935.0,1226.0,1860.0
7,376.jpg,2400.0,1935.0,1218.0,1953.0
8,376.jpg,2400.0,1935.0,1142.0,2019.0
9,376.jpg,2400.0,1935.0,1179.0,1999.0
10,376.jpg,2400.0,1935.0,615.0,1671.0
11,376.jpg,2400.0,1935.0,1319.0,1646.0
12,376.jpg,2400.0,1935.0,1335.0,1641.0
13,376.jpg,2400.0,1935.0,1512.0,1476.0
14,376.jpg,2400.0,1935.0,1444.0,1760.0
15,376.jpg,2400.0,1935.0,1447.0,1373.0
16,376.jpg,2400.0,1935.0,1361.0,1877.0
17,376.jpg,2400.0,1935.0,898.0,1322.0
18,376.jpg,2400.0,1935.0,1373.0,1333.0
19,376.jpg,2400.0,1935.0,607.0,1227.0
1,377.jpg,2400.0,1935.0,825.0,1020.0
2,377.jpg,2400.0,1935.0,1441.0,887.0
3,377.jpg,2400.0,1935.0,1323.0,1139.0
4,377.jpg,2400.0,1935.0,608.0,1264.0
5,377.jpg,2400.0,1935.0,1449.0,1475.0
6,377.jpg,2400.0,1935.0,1398.0,1820.0
7,377.jpg,2400.0,1935.0,1416.0,1918.0
8,377.jpg,2400.0,1935.0,1356.0,1989.0
9,377.jpg,2400.0,1935.0,1400.0,1961.0
10,377.jpg,2400.0,1935.0,770.0,1755.0
11,377.jpg,2400.0,1935.0,1474.0,1634.0
12,377.jpg,2400.0,1935.0,1483.0,1631.0
13,377.jpg,2400.0,1935.0,1618.0,1530.0
14,377.jpg,2400.0,1935.0,1577.0,1766.0
15,377.jpg,2400.0,1935.0,1578.0,1471.0
16,377.jpg,2400.0,1935.0,1529.0,1908.0
17,377.jpg,2400.0,1935.0,1030.0,1410.0
18,377.jpg,2400.0,1935.0,1529.0,1433.0
19,377.jpg,2400.0,1935.0,695.0,1351.0
1,378.jpg,2400.0,1935.0,887.0,1024.0
2,378.jpg,2400.0,1935.0,1462.0,921.0
3,378.jpg,2400.0,1935.0,1393.0,1164.0
4,378.jpg,2400.0,1935.0,638.0,1206.0
5,378.jpg,2400.0,1935.0,1478.0,1500.0
6,378.jpg,2400.0,1935.0,1470.0,1919.0
7,378.jpg,2400.0,1935.0,1484.0,2016.0
8,378.jpg,2400.0,1935.0,1433.0,2102.0
9,378.jpg,2400.0,1935.0,1470.0,2065.0
10,378.jpg,2400.0,1935.0,832.0,1821.0
11,378.jpg,2400.0,1935.0,1540.0,1686.0
12,378.jpg,2400.0,1935.0,1564.0,1709.0
13,378.jpg,2400.0,1935.0,1677.0,1580.0
14,378.jpg,2400.0,1935.0,1650.0,1823.0
15,378.jpg,2400.0,1935.0,1622.0,1465.0
16,378.jpg,2400.0,1935.0,1595.0,1989.0
17,378.jpg,2400.0,1935.0,1052.0,1430.0
18,378.jpg,2400.0,1935.0,1503.0,1434.0
19,378.jpg,2400.0,1935.0,713.0,1342.0
1,379.jpg,2400.0,1935.0,795.0,1001.0
2,379.jpg,2400.0,1935.0,1418.0,919.0
3,379.jpg,2400.0,1935.0,1337.0,1146.0
4,379.jpg,2400.0,1935.0,580.0,1198.0
5,379.jpg,2400.0,1935.0,1395.0,1483.0
6,379.jpg,2400.0,1935.0,1386.0,1888.0
7,379.jpg,2400.0,1935.0,1404.0,1977.0
8,379.jpg,2400.0,1935.0,1354.0,2046.0
9,379.jpg,2400.0,1935.0,1393.0,2018.0
10,379.jpg,2400.0,1935.0,728.0,1675.0
11,379.jpg,2400.0,1935.0,1454.0,1662.0
12,379.jpg,2400.0,1935.0,1479.0,1679.0
13,379.jpg,2400.0,1935.0,1586.0,1532.0
14,379.jpg,2400.0,1935.0,1582.0,1759.0
15,379.jpg,2400.0,1935.0,1534.0,1451.0
16,379.jpg,2400.0,1935.0,1528.0,1933.0
17,379.jpg,2400.0,1935.0,985.0,1424.0
18,379.jpg,2400.0,1935.0,1427.0,1413.0
19,379.jpg,2400.0,1935.0,665.0,1286.0
1,380.jpg,2400.0,1935.0,1023.0,1018.0
2,380.jpg,2400.0,1935.0,1609.0,935.0
3,380.jpg,2400.0,1935.0,1511.0,1181.0
4,380.jpg,2400.0,1935.0,827.0,1140.0
5,380.jpg,2400.0,1935.0,1545.0,1487.0
6,380.jpg,2400.0,1935.0,1536.0,1864.0
7,380.jpg,2400.0,1935.0,1548.0,1954.0
8,380.jpg,2400.0,1935.0,1513.0,2011.0
9,380.jpg,2400.0,1935.0,1539.0,1991.0
10,380.jpg,2400.0,1935.0,941.0,1671.0
11,380.jpg,2400.0,1935.0,1611.0,1670.0
12,380.jpg,2400.0,1935.0,1597.0,1665.0
13,380.jpg,2400.0,1935.0,1716.0,1554.0
14,380.jpg,2400.0,1935.0,1716.0,1762.0
15,380.jpg,2400.0,1935.0,1678.0,1455.0
16,380.jpg,2400.0,1935.0,1653.0,1900.0
17,380.jpg,2400.0,1935.0,1186.0,1403.0
18,380.jpg,2400.0,1935.0,1589.0,1422.0
19,380.jpg,2400.0,1935.0,932.0,1247.0
1,381.jpg,2400.0,1935.0,1105.0,1047.0
2,381.jpg,2400.0,1935.0,1719.0,1023.0
3,381.jpg,2400.0,1935.0,1605.0,1261.0
4,381.jpg,2400.0,1935.0,919.0,1147.0
5,381.jpg,2400.0,1935.0,1647.0,1559.0
6,381.jpg,2400.0,1935.0,1490.0,1898.0
7,381.jpg,2400.0,1935.0,1456.0,2010.0
8,381.jpg,2400.0,1935.0,1371.0,2043.0
9,381.jpg,2400.0,1935.0,1429.0,2034.0
10,381.jpg,2400.0,1935.0,971.0,1632.0
11,381.jpg,2400.0,1935.0,1612.0,1741.0
12,381.jpg,2400.0,1935.0,1622.0,1759.0
13,381.jpg,2400.0,1935.0,1796.0,1647.0
14,381.jpg,2400.0,1935.0,1673.0,1903.0
15,381.jpg,2400.0,1935.0,1747.0,1534.0
16,381.jpg,2400.0,1935.0,1571.0,1979.0
17,381.jpg,2400.0,1935.0,1269.0,1441.0
18,381.jpg,2400.0,1935.0,1674.0,1495.0
19,381.jpg,2400.0,1935.0,984.0,1273.0
1,382.jpg,2400.0,1935.0,748.0,1010.0
2,382.jpg,2400.0,1935.0,1325.0,891.0
3,382.jpg,2400.0,1935.0,1231.0,1160.0
4,382.jpg,2400.0,1935.0,544.0,1185.0
5,382.jpg,2400.0,1935.0,1290.0,1446.0
6,382.jpg,2400.0,1935.0,1229.0,1788.0
7,382.jpg,2400.0,1935.0,1229.0,1865.0
8,382.jpg,2400.0,1935.0,1185.0,1918.0
9,382.jpg,2400.0,1935.0,1215.0,1898.0
10,382.jpg,2400.0,1935.0,693.0,1645.0
11,382.jpg,2400.0,1935.0,1298.0,1610.0
12,382.jpg,2400.0,1935.0,1338.0,1641.0
13,382.jpg,2400.0,1935.0,1456.0,1499.0
14,382.jpg,2400.0,1935.0,1394.0,1767.0
15,382.jpg,2400.0,1935.0,1423.0,1391.0
16,382.jpg,2400.0,1935.0,1335.0,1842.0
17,382.jpg,2400.0,1935.0,915.0,1367.0
18,382.jpg,2400.0,1935.0,1321.0,1372.0
19,382.jpg,2400.0,1935.0,617.0,1256.0
1,383.jpg,2400.0,1935.0,794.0,1017.0
2,383.jpg,2400.0,1935.0,1376.0,933.0
3,383.jpg,2400.0,1935.0,1275.0,1178.0
4,383.jpg,2400.0,1935.0,527.0,1184.0
5,383.jpg,2400.0,1935.0,1320.0,1480.0
6,383.jpg,2400.0,1935.0,1353.0,1834.0
7,383.jpg,2400.0,1935.0,1360.0,1893.0
8,383.jpg,2400.0,1935.0,1309.0,1960.0
9,383.jpg,2400.0,1935.0,1346.0,1937.0
10,383.jpg,2400.0,1935.0,756.0,1642.0
11,383.jpg,2400.0,1935.0,1388.0,1642.0
12,383.jpg,2400.0,1935.0,1372.0,1642.0
13,383.jpg,2400.0,1935.0,1467.0,1540.0
14,383.jpg,2400.0,1935.0,1516.0,1752.0
15,383.jpg,2400.0,1935.0,1449.0,1460.0
16,383.jpg,2400.0,1935.0,1461.0,1884.0
17,383.jpg,2400.0,1935.0,949.0,1412.0
18,383.jpg,2400.0,1935.0,1390.0,1416.0
19,383.jpg,2400.0,1935.0,657.0,1277.0
1,384.jpg,2400.0,1935.0,837.0,1107.0
2,384.jpg,2400.0,1935.0,1405.0,1059.0
3,384.jpg,2400.0,1935.0,1315.0,1283.0
4,384.jpg,2400.0,1935.0,624.0,1279.0
5,384.jpg,2400.0,1935.0,1396.0,1618.0
6,384.jpg,2400.0,1935.0,1303.0,1960.0
7,384.jpg,2400.0,1935.0,1299.0,2035.0
8,384.jpg,2400.0,1935.0,1255.0,2092.0
9,384.jpg,2400.0,1935.0,1284.0,2074.0
10,384.jpg,2400.0,1935.0,713.0,1759.0
11,384.jpg,2400.0,1935.0,1410.0,1801.0
12,384.jpg,2400.0,1935.0,1449.0,1795.0
13,384.jpg,2400.0,1935.0,1533.0,1639.0
14,384.jpg,2400.0,1935.0,1475.0,1925.0
15,384.jpg,2400.0,1935.0,1460.0,1557.0
16,384.jpg,2400.0,1935.0,1408.0,2016.0
17,384.jpg,2400.0,1935.0,999.0,1510.0
18,384.jpg,2400.0,1935.0,1409.0,1539.0
19,384.jpg,2400.0,1935.0,709.0,1401.0
1,385.jpg,2400.0,1935.0,851.0,1117.0
2,385.jpg,2400.0,1935.0,1415.0,1030.0
3,385.jpg,2400.0,1935.0,1326.0,1294.0
4,385.jpg,2400.0,1935.0,620.0,1275.0
5,385.jpg,2400.0,1935.0,1399.0,1565.0
6,385.jpg,2400.0,1935.0,1372.0,1893.0
7,385.jpg,2400.0,1935.0,1397.0,1987.0
8,385.jpg,2400.0,1935.0,1349.0,2045.0
9,385.jpg,2400.0,1935.0,1378.0,2023.0
10,385.jpg,2400.0,1935.0,755.0,1784.0
11,385.jpg,2400.0,1935.0,1420.0,1753.0
12,385.jpg,2400.0,1935.0,1449.0,1768.0
13,385.jpg,2400.0,1935.0,1559.0,1674.0
14,385.jpg,2400.0,1935.0,1538.0,1865.0
15,385.jpg,2400.0,1935.0,1528.0,1570.0
16,385.jpg,2400.0,1935.0,1511.0,2001.0
17,385.jpg,2400.0,1935.0,1000.0,1523.0
18,385.jpg,2400.0,1935.0,1437.0,1525.0
19,385.jpg,2400.0,1935.0,680.0,1374.0
1,386.jpg,2400.0,1935.0,865.0,1114.0
2,386.jpg,2400.0,1935.0,1443.0,1071.0
3,386.jpg,2400.0,1935.0,1353.0,1269.0
4,386.jpg,2400.0,1935.0,709.0,1264.0
5,386.jpg,2400.0,1935.0,1429.0,1526.0
6,386.jpg,2400.0,1935.0,1354.0,1843.0
7,386.jpg,2400.0,1935.0,1348.0,1893.0
8,386.jpg,2400.0,1935.0,1300.0,1948.0
9,386.jpg,2400.0,1935.0,1335.0,1931.0
10,386.jpg,2400.0,1935.0,783.0,1692.0
11,386.jpg,2400.0,1935.0,1423.0,1664.0
12,386.jpg,2400.0,1935.0,1448.0,1697.0
13,386.jpg,2400.0,1935.0,1562.0,1571.0
14,386.jpg,2400.0,1935.0,1523.0,1758.0
15,386.jpg,2400.0,1935.0,1518.0,1505.0
16,386.jpg,2400.0,1935.0,1455.0,1871.0
17,386.jpg,2400.0,1935.0,1037.0,1433.0
18,386.jpg,2400.0,1935.0,1454.0,1464.0
19,386.jpg,2400.0,1935.0,757.0,1350.0
1,387.jpg,2400.0,1935.0,833.0,1033.0
2,387.jpg,2400.0,1935.0,1432.0,1014.0
3,387.jpg,2400.0,1935.0,1293.0,1228.0
4,387.jpg,2400.0,1935.0,604.0,1181.0
5,387.jpg,2400.0,1935.0,1381.0,1482.0
6,387.jpg,2400.0,1935.0,1301.0,1858.0
7,387.jpg,2400.0,1935.0,1273.0,1960.0
8,387.jpg,2400.0,1935.0,1216.0,2011.0
9,387.jpg,2400.0,1935.0,1249.0,1994.0
10,387.jpg,2400.0,1935.0,715.0,1680.0
11,387.jpg,2400.0,1935.0,1406.0,1713.0
12,387.jpg,2400.0,1935.0,1421.0,1716.0
13,387.jpg,2400.0,1935.0,1558.0,1571.0
14,387.jpg,2400.0,1935.0,1498.0,1864.0
15,387.jpg,2400.0,1935.0,1504.0,1499.0
16,387.jpg,2400.0,1935.0,1416.0,1930.0
17,387.jpg,2400.0,1935.0,1006.0,1404.0
18,387.jpg,2400.0,1935.0,1416.0,1440.0
19,387.jpg,2400.0,1935.0,693.0,1284.0
1,388.jpg,2400.0,1935.0,826.0,1124.0
2,388.jpg,2400.0,1935.0,1358.0,1002.0
3,388.jpg,2400.0,1935.0,1284.0,1262.0
4,388.jpg,2400.0,1935.0,615.0,1258.0
5,388.jpg,2400.0,1935.0,1374.0,1464.0
6,388.jpg,2400.0,1935.0,1340.0,1814.0
7,388.jpg,2400.0,1935.0,1345.0,1885.0
8,388.jpg,2400.0,1935.0,1299.0,1949.0
9,388.jpg,2400.0,1935.0,1331.0,1931.0
10,388.jpg,2400.0,1935.0,784.0,1696.0
11,388.jpg,2400.0,1935.0,1369.0,1644.0
12,388.jpg,2400.0,1935.0,1408.0,1641.0
13,388.jpg,2400.0,1935.0,1525.0,1542.0
14,388.jpg,2400.0,1935.0,1489.0,1738.0
15,388.jpg,2400.0,1935.0,1485.0,1461.0
16,388.jpg,2400.0,1935.0,1442.0,1871.0
17,388.jpg,2400.0,1935.0,987.0,1431.0
18,388.jpg,2400.0,1935.0,1415.0,1419.0
19,388.jpg,2400.0,1935.0,692.0,1370.0
1,389.jpg,2400.0,1935.0,860.0,1105.0
2,389.jpg,2400.0,1935.0,1463.0,962.0
3,389.jpg,2400.0,1935.0,1377.0,1237.0
4,389.jpg,2400.0,1935.0,624.0,1279.0
5,389.jpg,2400.0,1935.0,1450.0,1594.0
6,389.jpg,2400.0,1935.0,1290.0,1988.0
7,389.jpg,2400.0,1935.0,1286.0,2095.0
8,389.jpg,2400.0,1935.0,1243.0,2169.0
9,389.jpg,2400.0,1935.0,1273.0,2138.0
10,389.jpg,2400.0,1935.0,754.0,1763.0
11,389.jpg,2400.0,1935.0,1438.0,1780.0
12,389.jpg,2400.0,1935.0,1468.0,1776.0
13,389.jpg,2400.0,1935.0,1601.0,1702.0
14,389.jpg,2400.0,1935.0,1545.0,1923.0
15,389.jpg,2400.0,1935.0,1595.0,1559.0
16,389.jpg,2400.0,1935.0,1470.0,2074.0
17,389.jpg,2400.0,1935.0,1065.0,1489.0
18,389.jpg,2400.0,1935.0,1549.0,1514.0
19,389.jpg,2400.0,1935.0,730.0,1378.0
1,390.jpg,2400.0,1935.0,794.0,1116.0
2,390.jpg,2400.0,1935.0,1411.0,1034.0
3,390.jpg,2400.0,1935.0,1331.0,1252.0
4,390.jpg,2400.0,1935.0,635.0,1288.0
5,390.jpg,2400.0,1935.0,1431.0,1570.0
6,390.jpg,2400.0,1935.0,1357.0,1895.0
7,390.jpg,2400.0,1935.0,1377.0,2002.0
8,390.jpg,2400.0,1935.0,1327.0,2080.0
9,390.jpg,2400.0,1935.0,1359.0,2051.0
10,390.jpg,2400.0,1935.0,764.0,1760.0
11,390.jpg,2400.0,1935.0,1398.0,1716.0
12,390.jpg,2400.0,1935.0,1449.0,1748.0
13,390.jpg,2400.0,1935.0,1549.0,1699.0
14,390.jpg,2400.0,1935.0,1520.0,1854.0
15,390.jpg,2400.0,1935.0,1528.0,1568.0
16,390.jpg,2400.0,1935.0,1484.0,2013.0
17,390.jpg,2400.0,1935.0,1022.0,1504.0
18,390.jpg,2400.0,1935.0,1449.0,1515.0
19,390.jpg,2400.0,1935.0,700.0,1412.0
1,391.jpg,2400.0,1935.0,826.0,953.0
2,391.jpg,2400.0,1935.0,1403.0,864.0
3,391.jpg,2400.0,1935.0,1325.0,1110.0
4,391.jpg,2400.0,1935.0,620.0,1198.0
5,391.jpg,2400.0,1935.0,1426.0,1466.0
6,391.jpg,2400.0,1935.0,1378.0,1866.0
7,391.jpg,2400.0,1935.0,1376.0,1976.0
8,391.jpg,2400.0,1935.0,1322.0,2056.0
9,391.jpg,2400.0,1935.0,1358.0,2031.0
10,391.jpg,2400.0,1935.0,735.0,1795.0
11,391.jpg,2400.0,1935.0,1445.0,1672.0
12,391.jpg,2400.0,1935.0,1465.0,1683.0
13,391.jpg,2400.0,1935.0,1584.0,1572.0
14,391.jpg,2400.0,1935.0,1563.0,1785.0
15,391.jpg,2400.0,1935.0,1524.0,1426.0
16,391.jpg,2400.0,1935.0,1485.0,1982.0
17,391.jpg,2400.0,1935.0,1007.0,1398.0
18,391.jpg,2400.0,1935.0,1463.0,1374.0
19,391.jpg,2400.0,1935.0,679.0,1307.0
1,392.jpg,2400.0,1935.0,798.0,1057.0
2,392.jpg,2400.0,1935.0,1444.0,994.0
3,392.jpg,2400.0,1935.0,1324.0,1217.0
4,392.jpg,2400.0,1935.0,601.0,1283.0
5,392.jpg,2400.0,1935.0,1438.0,1544.0
6,392.jpg,2400.0,1935.0,1461.0,1967.0
7,392.jpg,2400.0,1935.0,1467.0,2064.0
8,392.jpg,2400.0,1935.0,1416.0,2142.0
9,392.jpg,2400.0,1935.0,1451.0,2122.0
10,392.jpg,2400.0,1935.0,738.0,1861.0
11,392.jpg,2400.0,1935.0,1507.0,1728.0
12,392.jpg,2400.0,1935.0,1483.0,1750.0
13,392.jpg,2400.0,1935.0,1607.0,1651.0
14,392.jpg,2400.0,1935.0,1639.0,1841.0
15,392.jpg,2400.0,1935.0,1545.0,1546.0
16,392.jpg,2400.0,1935.0,1572.0,2023.0
17,392.jpg,2400.0,1935.0,1021.0,1456.0
18,392.jpg,2400.0,1935.0,1472.0,1504.0
19,392.jpg,2400.0,1935.0,670.0,1381.0
1,393.jpg,2400.0,1935.0,849.0,925.0
2,393.jpg,2400.0,1935.0,1367.0,846.0
3,393.jpg,2400.0,1935.0,1286.0,1093.0
4,393.jpg,2400.0,1935.0,604.0,1299.0
5,393.jpg,2400.0,1935.0,1372.0,1425.0
6,393.jpg,2400.0,1935.0,1313.0,1798.0
7,393.jpg,2400.0,1935.0,1325.0,1917.0
8,393.jpg,2400.0,1935.0,1286.0,1981.0
9,393.jpg,2400.0,1935.0,1313.0,1964.0
10,393.jpg,2400.0,1935.0,730.0,1679.0
11,393.jpg,2400.0,1935.0,1375.0,1607.0
12,393.jpg,2400.0,1935.0,1402.0,1624.0
13,393.jpg,2400.0,1935.0,1553.0,1555.0
14,393.jpg,2400.0,1935.0,1516.0,1764.0
15,393.jpg,2400.0,1935.0,1540.0,1421.0
16,393.jpg,2400.0,1935.0,1464.0,1898.0
17,393.jpg,2400.0,1935.0,982.0,1365.0
18,393.jpg,2400.0,1935.0,1398.0,1356.0
19,393.jpg,2400.0,1935.0,687.0,1264.0
1,394.jpg,2400.0,1935.0,873.0,1045.0
2,394.jpg,2400.0,1935.0,1474.0,1026.0
3,394.jpg,2400.0,1935.0,1363.0,1262.0
4,394.jpg,2400.0,1935.0,627.0,1180.0
5,394.jpg,2400.0,1935.0,1425.0,1556.0
6,394.jpg,2400.0,1935.0,1380.0,1960.0
7,394.jpg,2400.0,1935.0,1385.0,2050.0
8,394.jpg,2400.0,1935.0,1329.0,2121.0
9,394.jpg,2400.0,1935.0,1367.0,2100.0
10,394.jpg,2400.0,1935.0,735.0,1849.0
11,394.jpg,2400.0,1935.0,1447.0,1735.0
12,394.jpg,2400.0,1935.0,1472.0,1754.0
13,394.jpg,2400.0,1935.0,1590.0,1711.0
14,394.jpg,2400.0,1935.0,1538.0,1891.0
15,394.jpg,2400.0,1935.0,1533.0,1574.0
16,394.jpg,2400.0,1935.0,1524.0,2125.0
17,394.jpg,2400.0,1935.0,1014.0,1422.0
18,394.jpg,2400.0,1935.0,1452.0,1511.0
19,394.jpg,2400.0,1935.0,681.0,1372.0
1,395.jpg,2400.0,1935.0,858.0,1016.0
2,395.jpg,2400.0,1935.0,1496.0,965.0
3,395.jpg,2400.0,1935.0,1371.0,1204.0
4,395.jpg,2400.0,1935.0,620.0,1204.0
5,395.jpg,2400.0,1935.0,1470.0,1528.0
6,395.jpg,2400.0,1935.0,1465.0,1843.0
7,395.jpg,2400.0,1935.0,1484.0,1941.0
8,395.jpg,2400.0,1935.0,1422.0,2023.0
9,395.jpg,2400.0,1935.0,1458.0,1996.0
10,395.jpg,2400.0,1935.0,725.0,1852.0
11,395.jpg,2400.0,1935.0,1499.0,1710.0
12,395.jpg,2400.0,1935.0,1524.0,1715.0
13,395.jpg,2400.0,1935.0,1641.0,1612.0
14,395.jpg,2400.0,1935.0,1632.0,1779.0
15,395.jpg,2400.0,1935.0,1583.0,1506.0
16,395.jpg,2400.0,1935.0,1598.0,1912.0
17,395.jpg,2400.0,1935.0,1010.0,1457.0
18,395.jpg,2400.0,1935.0,1489.0,1496.0
19,395.jpg,2400.0,1935.0,686.0,1350.0
1,396.jpg,2400.0,1935.0,789.0,1077.0
2,396.jpg,2400.0,1935.0,1376.0,915.0
3,396.jpg,2400.0,1935.0,1290.0,1159.0
4,396.jpg,2400.0,1935.0,569.0,1231.0
5,396.jpg,2400.0,1935.0,1423.0,1498.0
6,396.jpg,2400.0,1935.0,1377.0,1837.0
7,396.jpg,2400.0,1935.0,1391.0,1915.0
8,396.jpg,2400.0,1935.0,1346.0,1974.0
9,396.jpg,2400.0,1935.0,1377.0,1954.0
10,396.jpg,2400.0,1935.0,738.0,1749.0
11,396.jpg,2400.0,1935.0,1473.0,1641.0
12,396.jpg,2400.0,1935.0,1500.0,1676.0
13,396.jpg,2400.0,1935.0,1577.0,1549.0
14,396.jpg,2400.0,1935.0,1551.0,1761.0
15,396.jpg,2400.0,1935.0,1497.0,1446.0
16,396.jpg,2400.0,1935.0,1494.0,1872.0
17,396.jpg,2400.0,1935.0,989.0,1454.0
18,396.jpg,2400.0,1935.0,1440.0,1424.0
19,396.jpg,2400.0,1935.0,675.0,1332.0
1,397.jpg,2400.0,1935.0,774.0,1030.0
2,397.jpg,2400.0,1935.0,1371.0,942.0
3,397.jpg,2400.0,1935.0,1301.0,1138.0
4,397.jpg,2400.0,1935.0,568.0,1230.0
5,397.jpg,2400.0,1935.0,1415.0,1482.0
6,397.jpg,2400.0,1935.0,1359.0,1899.0
7,397.jpg,2400.0,1935.0,1360.0,1999.0
8,397.jpg,2400.0,1935.0,1319.0,2056.0
9,397.jpg,2400.0,1935.0,1345.0,2038.0
10,397.jpg,2400.0,1935.0,769.0,1709.0
11,397.jpg,2400.0,1935.0,1467.0,1664.0
12,397.jpg,2400.0,1935.0,1495.0,1695.0
13,397.jpg,2400.0,1935.0,1599.0,1558.0
14,397.jpg,2400.0,1935.0,1560.0,1820.0
15,397.jpg,2400.0,1935.0,1507.0,1447.0
16,397.jpg,2400.0,1935.0,1487.0,1938.0
17,397.jpg,2400.0,1935.0,1006.0,1397.0
18,397.jpg,2400.0,1935.0,1435.0,1416.0
19,397.jpg,2400.0,1935.0,669.0,1337.0
1,398.jpg,2400.0,1935.0,825.0,1033.0
2,398.jpg,2400.0,1935.0,1468.0,992.0
3,398.jpg,2400.0,1935.0,1357.0,1130.0
4,398.jpg,2400.0,1935.0,605.0,1207.0
5,398.jpg,2400.0,1935.0,1471.0,1462.0
6,398.jpg,2400.0,1935.0,1377.0,1834.0
7,398.jpg,2400.0,1935.0,1358.0,1912.0
8,398.jpg,2400.0,1935.0,1301.0,1972.0
9,398.jpg,2400.0,1935.0,1334.0,1952.0
10,398.jpg,2400.0,1935.0,763.0,1671.0
11,398.jpg,2400.0,1935.0,1470.0,1635.0
12,398.jpg,2400.0,1935.0,1508.0,1682.0
13,398.jpg,2400.0,1935.0,1627.0,1579.0
14,398.jpg,2400.0,1935.0,1558.0,1767.0
15,398.jpg,2400.0,1935.0,1585.0,1442.0
16,398.jpg,2400.0,1935.0,1496.0,1888.0
17,398.jpg,2400.0,1935.0,1003.0,1417.0
18,398.jpg,2400.0,1935.0,1501.0,1386.0
19,398.jpg,2400.0,1935.0,707.0,1318.0
1,399.jpg,2400.0,1935.0,808.0,995.0
2,399.jpg,2400.0,1935.0,1403.0,960.0
3,399.jpg,2400.0,1935.0,1302.0,1149.0
4,399.jpg,2400.0,1935.0,597.0,1165.0
5,399.jpg,2400.0,1935.0,1358.0,1461.0
6,399.jpg,2400.0,1935.0,1350.0,1853.0
7,399.jpg,2400.0,1935.0,1358.0,1963.0
8,399.jpg,2400.0,1935.0,1306.0,2040.0
9,399.jpg,2400.0,1935.0,1337.0,2018.0
10,399.jpg,2400.0,1935.0,746.0,1716.0
11,399.jpg,2400.0,1935.0,1439.0,1675.0
12,399.jpg,2400.0,1935.0,1432.0,1670.0
13,399.jpg,2400.0,1935.0,1550.0,1605.0
14,399.jpg,2400.0,1935.0,1530.0,1823.0
15,399.jpg,2400.0,1935.0,1455.0,1489.0
16,399.jpg,2400.0,1935.0,1478.0,1981.0
17,399.jpg,2400.0,1935.0,953.0,1380.0
18,399.jpg,2400.0,1935.0,1396.0,1412.0
19,399.jpg,2400.0,1935.0,671.0,1260.0
1,400.jpg,2400.0,1935.0,750.0,1041.0
2,400.jpg,2400.0,1935.0,1313.0,942.0
3,400.jpg,2400.0,1935.0,1232.0,1174.0
4,400.jpg,2400.0,1935.0,572.0,1265.0
5,400.jpg,2400.0,1935.0,1331.0,1488.0
6,400.jpg,2400.0,1935.0,1297.0,1871.0
7,400.jpg,2400.0,1935.0,1304.0,1957.0
8,400.jpg,2400.0,1935.0,1264.0,2011.0
9,400.jpg,2400.0,1935.0,1290.0,1993.0
10,400.jpg,2400.0,1935.0,655.0,1829.0
11,400.jpg,2400.0,1935.0,1388.0,1671.0
12,400.jpg,2400.0,1935.0,1416.0,1696.0
13,400.jpg,2400.0,1935.0,1486.0,1574.0
14,400.jpg,2400.0,1935.0,1472.0,1802.0
15,400.jpg,2400.0,1935.0,1459.0,1482.0
16,400.jpg,2400.0,1935.0,1399.0,1915.0
17,400.jpg,2400.0,1935.0,928.0,1451.0
18,400.jpg,2400.0,1935.0,1379.0,1442.0
19,400.jpg,2400.0,1935.0,608.0,1358.0
